日期,60日均值,140日均值,差值,结果
2017/1/3,0.720751667,0.982707857,0.26195619,1
2017/1/4,0.71746,0.978074286,0.260614286,1
2017/1/5,0.715586667,0.974057143,0.258470476,1
2017/1/6,0.713588333,0.969890714,0.256302381,1
2017/1/9,0.711401667,0.965877143,0.254475476,1
2017/1/10,0.708946667,0.961987143,0.253040476,1
2017/1/11,0.707598333,0.958087857,0.250489524,1
2017/1/12,0.706548333,0.953426429,0.246878095,1
2017/1/13,0.704833333,0.948752857,0.243919524,1
2017/1/16,0.704168333,0.944774286,0.240605952,1
2017/1/17,0.704556667,0.941257143,0.236700476,1
2017/1/18,0.703193333,0.937338571,0.234145238,1
2017/1/19,0.702053333,0.933635714,0.231582381,1
2017/1/20,0.700741667,0.929311429,0.228569762,1
2017/1/22,0.698616667,0.925493571,0.226876905,1
2017/1/23,0.697373333,0.922677857,0.225304524,1
2017/1/24,0.695481667,0.919653571,0.224171905,1
2017/1/25,0.693918333,0.916486429,0.222568095,1
2017/1/26,0.692128333,0.913821429,0.221693095,1
2017/1/27,0.691111667,0.911292143,0.220180476,1
2017/1/30,0.690663333,0.908690714,0.218027381,1
2017/1/31,0.69402,0.906331429,0.212311429,1
2017/2/1,0.697751667,0.903797143,0.206045476,1
2017/2/2,0.70111,0.900867143,0.199757143,1
2017/2/3,0.706171667,0.898472143,0.192300476,1
2017/2/4,0.711168333,0.895637143,0.18446881,1
2017/2/6,0.718256667,0.894190714,0.175934048,1
2017/2/7,0.726108333,0.893172143,0.16706381,1
2017/2/8,0.735591667,0.892438571,0.156846905,1
2017/2/9,0.743253333,0.890691429,0.147438095,1
2017/2/10,0.751051667,0.889715714,0.138664048,1
2017/2/13,0.759453333,0.888515714,0.129062381,1
2017/2/14,0.766961667,0.886931429,0.119969762,1
2017/2/15,0.773475,0.884794286,0.111319286,1
2017/2/16,0.779736667,0.883282857,0.10354619,1
2017/2/17,0.785078333,0.881504286,0.096425952,1
2017/2/20,0.789761667,0.879869286,0.090107619,1
2017/2/21,0.795295,0.878270714,0.082975714,1
2017/2/22,0.799868333,0.876369286,0.076500952,1
2017/2/23,0.804055,0.874521429,0.070466429,1
2017/2/24,0.80833,0.873532143,0.065202143,1
2017/2/27,0.81132,0.872082143,0.060762143,1
2017/2/28,0.8156,0.870382143,0.054782143,1
2017/3/1,0.819765,0.868204286,0.048439286,1
2017/3/2,0.82314,0.866191429,0.043051429,1
2017/3/3,0.825823333,0.864724286,0.038900952,1
2017/3/6,0.829038333,0.862832143,0.03379381,1
2017/3/7,0.830918333,0.860415,0.029496667,1
2017/3/8,0.83356,0.858102857,0.024542857,1
2017/3/9,0.833951667,0.855530714,0.021579048,1
2017/3/10,0.83448,0.853319286,0.018839286,1
2017/3/13,0.83504,0.850567857,0.015527857,1
2017/3/14,0.837115,0.847371429,0.010256429,1
2017/3/15,0.840706667,0.844493571,0.003786905,1
2017/3/16,0.843616667,0.841739286,-0.001877381,-1
2017/3/17,0.847276667,0.839700714,-0.007575952,-1
2017/3/20,0.85114,0.83779,-0.01335,-1
2017/3/21,0.85659,0.836709286,-0.019880714,-1
2017/3/22,0.862345,0.83563,-0.026715,-1
2017/3/23,0.867876667,0.834526429,-0.033350238,-1
2017/3/24,0.871168333,0.833062143,-0.03810619,-1
2017/3/27,0.873548333,0.831630714,-0.041917619,-1
2017/3/28,0.873615,0.830074286,-0.043540714,-1
2017/3/29,0.875351667,0.828834286,-0.046517381,-1
2017/3/30,0.876681667,0.827242857,-0.04943881,-1
2017/3/31,0.878075,0.82558,-0.052495,-1
2017/4/1,0.878866667,0.823874286,-0.054992381,-1
2017/4/3,0.880436667,0.822426429,-0.058010238,-1
2017/4/4,0.882283333,0.820702143,-0.06158119,-1
2017/4/5,0.884293333,0.819386429,-0.064906905,-1
2017/4/6,0.884821667,0.817977143,-0.066844524,-1
2017/4/7,0.885961667,0.816482857,-0.06947881,-1
2017/4/10,0.888598333,0.815417143,-0.07318119,-1
2017/4/11,0.892546667,0.815167857,-0.07737881,-1
2017/4/12,0.897101667,0.815471429,-0.081630238,-1
2017/4/13,0.901253333,0.81623,-0.085023333,-1
2017/4/14,0.906356667,0.817116429,-0.089240238,-1
2017/4/17,0.912018333,0.818411429,-0.093606905,-1
2017/4/18,0.918516667,0.820414286,-0.098102381,-1
2017/4/19,0.924183333,0.822221429,-0.101961905,-1
2017/4/20,0.929641667,0.824153571,-0.105488095,-1
2017/4/21,0.935056667,0.826307857,-0.10874881,-1
2017/4/24,0.940933333,0.828222857,-0.112710476,-1
2017/4/25,0.944938333,0.829734286,-0.115204048,-1
2017/4/26,0.94828,0.831245,-0.117035,-1
2017/4/27,0.952105,0.832694286,-0.119410714,-1
2017/4/28,0.953876667,0.834625714,-0.119250952,-1
2017/5/1,0.954713333,0.836375714,-0.118337619,-1
2017/5/2,0.956011667,0.838460714,-0.117550952,-1
2017/5/3,0.958963333,0.840620714,-0.118342619,-1
2017/5/4,0.961711667,0.842590714,-0.119120952,-1
2017/5/5,0.965211667,0.844513571,-0.120698095,-1
2017/5/8,0.96977,0.847066429,-0.122703571,-1
2017/5/9,0.975048333,0.849707857,-0.125340476,-1
2017/5/10,0.981283333,0.852404286,-0.128879048,-1
2017/5/11,0.986931667,0.854850714,-0.132080952,-1
2017/5/12,0.99462,0.857674286,-0.136945714,-1
2017/5/15,1.001265,0.860245,-0.14102,-1
2017/5/16,1.008408333,0.862735,-0.145673333,-1
2017/5/17,1.01701,0.866235,-0.150775,-1
2017/5/18,1.023608333,0.869764286,-0.153844048,-1
2017/5/19,1.031406667,0.874763571,-0.156643095,-1
2017/5/22,1.039373333,0.880245714,-0.159127619,-1
2017/5/23,1.047995,0.885370714,-0.162624286,-1
2017/5/24,1.057025,0.890887857,-0.166137143,-1
2017/5/25,1.065863333,0.896441429,-0.169421905,-1
2017/5/26,1.074673333,0.901833571,-0.172839762,-1
2017/5/27,1.083933333,0.907436429,-0.176496905,-1
2017/5/30,1.093951667,0.913792143,-0.180159524,-1
2017/5/31,1.103703333,0.919828571,-0.183874762,-1
2017/6/1,1.113196667,0.925873571,-0.187323095,-1
2017/6/2,1.125073333,0.932963571,-0.192109762,-1
2017/6/5,1.136238333,0.939713571,-0.196524762,-1
2017/6/6,1.147078333,0.946769286,-0.200309048,-1
2017/6/7,1.158461667,0.95343,-0.205031667,-1
2017/6/8,1.169218333,0.959624286,-0.209594048,-1
2017/6/9,1.178821667,0.965625,-0.213196667,-1
2017/6/12,1.186988333,0.971587857,-0.215400476,-1
2017/6/13,1.194631667,0.97713,-0.217501667,-1
2017/6/14,1.202831667,0.982452857,-0.22037881,-1
2017/6/15,1.211873333,0.987240714,-0.224632619,-1
2017/6/16,1.220921667,0.991957143,-0.228964524,-1
2017/6/19,1.228721667,0.996495,-0.232226667,-1
2017/6/20,1.236198333,1.001586429,-0.234611905,-1
2017/6/21,1.244725,1.006763571,-0.237961429,-1
2017/6/22,1.253523333,1.011795,-0.241728333,-1
2017/6/23,1.262235,1.016917143,-0.245317857,-1
2017/6/26,1.269741667,1.021502143,-0.248239524,-1
2017/6/27,1.276165,1.025917143,-0.250247857,-1
2017/6/28,1.281883333,1.029643571,-0.252239762,-1
2017/6/29,1.287006667,1.033032143,-0.253974524,-1
2017/6/30,1.292701667,1.036795,-0.255906667,-1
2017/7/3,1.297813333,1.04117,-0.256643333,-1
2017/7/4,1.30198,1.045627143,-0.256352857,-1
2017/7/5,1.305275,1.050205,-0.25507,-1
2017/7/6,1.307175,1.054513571,-0.252661429,-1
2017/7/7,1.308505,1.058709286,-0.249795714,-1
2017/7/10,1.309423333,1.063380714,-0.246042619,-1
2017/7/11,1.30921,1.068038571,-0.241171429,-1
2017/7/12,1.310016667,1.07292,-0.237096667,-1
2017/7/13,1.310521667,1.076912143,-0.233609524,-1
2017/7/14,1.310726667,1.080565,-0.230161667,-1
2017/7/17,1.311285,1.083522143,-0.227762857,-1
2017/7/18,1.314756667,1.087377857,-0.22737881,-1
2017/7/19,1.317893333,1.09117,-0.226723333,-1
2017/7/20,1.32047,1.094775714,-0.225694286,-1
2017/7/21,1.323238333,1.098471429,-0.224766905,-1
2017/7/24,1.32624,1.101957857,-0.224282143,-1
2017/7/25,1.327323333,1.105242143,-0.22208119,-1
2017/7/26,1.329575,1.108652143,-0.220922857,-1
2017/7/27,1.331081667,1.111101429,-0.219980238,-1
2017/7/28,1.332818333,1.114352857,-0.218465476,-1
2017/7/31,1.334681667,1.118192857,-0.21648881,-1
2017/8/1,1.337428333,1.122573571,-0.214854762,-1
2017/8/2,1.33878,1.12676,-0.21202,-1
2017/8/3,1.34105,1.130712143,-0.210337857,-1
2017/8/4,1.341611667,1.134587143,-0.207024524,-1
2017/8/7,1.343821667,1.138775,-0.205046667,-1
2017/8/8,1.34501,1.142541429,-0.202468571,-1
2017/8/9,1.345218333,1.146566429,-0.198651905,-1
2017/8/10,1.346218333,1.150716429,-0.195501905,-1
2017/8/11,1.34674,1.154500714,-0.192239286,-1
2017/8/14,1.346113333,1.158115,-0.187998333,-1
2017/8/15,1.344906667,1.161283571,-0.183623095,-1
2017/8/16,1.344385,1.164407857,-0.179977143,-1
2017/8/17,1.344468333,1.167855714,-0.176612619,-1
2017/8/18,1.344551667,1.170245714,-0.174305952,-1
2017/8/21,1.345188333,1.172756429,-0.172431905,-1
2017/8/22,1.344525,1.174763571,-0.169761429,-1
2017/8/23,1.345275,1.177837857,-0.167437143,-1
2017/8/24,1.345775,1.180755,-0.16502,-1
2017/8/25,1.345525,1.184137143,-0.161387857,-1
2017/8/28,1.346441667,1.188062143,-0.158379524,-1
2017/8/29,1.346566667,1.19238,-0.154186667,-1
2017/8/30,1.34686,1.196482857,-0.150377143,-1
2017/8/31,1.347671667,1.200735714,-0.146935952,-1
2017/9/1,1.348588333,1.205122143,-0.14346619,-1
2017/9/4,1.350443333,1.209508571,-0.140934762,-1
2017/9/5,1.354255,1.214724286,-0.139530714,-1
2017/9/6,1.357088333,1.219467143,-0.13762119,-1
2017/9/7,1.359923333,1.223637857,-0.136285476,-1
2017/9/8,1.362131667,1.228019286,-0.134112381,-1
2017/9/11,1.364881667,1.231901429,-0.132980238,-1
2017/9/12,1.366881667,1.236065,-0.130816667,-1
2017/9/13,1.367798333,1.240188571,-0.127609762,-1
2017/9/14,1.36759,1.243980714,-0.123609286,-1
2017/9/15,1.367631667,1.247742857,-0.11988881,-1
2017/9/18,1.367941667,1.251655,-0.116286667,-1
2017/9/19,1.369231667,1.255490714,-0.113740952,-1
2017/9/20,1.369691667,1.259246429,-0.110445238,-1
2017/9/21,1.37111,1.263016429,-0.108093571,-1
2017/9/22,1.37282,1.267272143,-0.105547857,-1
2017/9/25,1.374906667,1.271652143,-0.103254524,-1
2017/9/26,1.377011667,1.275472143,-0.101539524,-1
2017/9/27,1.378136667,1.279285,-0.098851667,-1
2017/9/28,1.37993,1.282793571,-0.097136429,-1
2017/9/29,1.381328333,1.285932857,-0.095395476,-1
2017/9/30,1.382536667,1.288786429,-0.093750238,-1
2017/10/2,1.383536667,1.291406429,-0.092130238,-1
2017/10/3,1.384181667,1.294193571,-0.089988095,-1
2017/10/4,1.385336667,1.29727,-0.088066667,-1
2017/10/5,1.385835,1.300116429,-0.085718571,-1
2017/10/6,1.385685,1.302980714,-0.082704286,-1
2017/10/9,1.385061667,1.305825,-0.079236667,-1
2017/10/10,1.384676667,1.308882143,-0.075794524,-1
2017/10/11,1.384676667,1.311890714,-0.072785952,-1
2017/10/12,1.384736667,1.315272857,-0.06946381,-1
2017/10/13,1.386021667,1.318637143,-0.067384524,-1
2017/10/16,1.388411667,1.322154286,-0.066257381,-1
2017/10/17,1.39031,1.325516429,-0.064793571,-1
2017/10/18,1.392218333,1.328557143,-0.06366119,-1
2017/10/19,1.393606667,1.331915,-0.061691667,-1
2017/10/20,1.393701667,1.334665714,-0.059035952,-1
2017/10/23,1.393131667,1.33711,-0.056021667,-1
2017/10/24,1.392146667,1.338922143,-0.053224524,-1
2017/10/25,1.391323333,1.340742143,-0.05058119,-1
2017/10/26,1.390668333,1.342149286,-0.048519048,-1
2017/10/27,1.390735,1.343939286,-0.046795714,-1
2017/10/30,1.393696667,1.34619,-0.047506667,-1
2017/10/31,1.395225,1.348441429,-0.046783571,-1
2017/11/1,1.39615,1.350648571,-0.045501429,-1
2017/11/2,1.397741667,1.352794286,-0.044947381,-1
2017/11/3,1.40056,1.355097857,-0.045462143,-1
2017/11/6,1.404548333,1.358259286,-0.046289048,-1
2017/11/7,1.407756667,1.361326429,-0.046430238,-1
2017/11/8,1.410255,1.364205714,-0.046049286,-1
2017/11/9,1.412775,1.366916429,-0.045858571,-1
2017/11/10,1.413806667,1.369510714,-0.044295952,-1
2017/11/13,1.416305,1.372032143,-0.044272857,-1
2017/11/14,1.418426667,1.374750714,-0.043675952,-1
2017/11/15,1.421506667,1.37781,-0.043696667,-1
2017/11/16,1.423003333,1.380333571,-0.042669762,-1
2017/11/17,1.424333333,1.382875,-0.041458333,-1
2017/11/20,1.425495,1.385428571,-0.040066429,-1
2017/11/21,1.427323333,1.387642857,-0.039680476,-1
2017/11/22,1.429965,1.390607143,-0.039357857,-1
2017/11/23,1.433128333,1.393054286,-0.040074048,-1
2017/11/24,1.435143333,1.395456429,-0.039686905,-1
2017/11/27,1.435743333,1.397867857,-0.037875476,-1
2017/11/28,1.436821667,1.399386429,-0.037435238,-1
2017/11/29,1.436398333,1.400547857,-0.035850476,-1
2017/11/30,1.435225,1.401084286,-0.034140714,-1
2017/12/1,1.435885,1.401835,-0.03405,-1
2017/12/4,1.437086667,1.402818571,-0.034268095,-1
2017/12/5,1.438413333,1.403640714,-0.034772619,-1
2017/12/6,1.440863333,1.404695,-0.036168333,-1
2017/12/7,1.442938333,1.405570714,-0.037367619,-1
2017/12/8,1.445241667,1.406501429,-0.038740238,-1
2017/12/11,1.447983333,1.407218571,-0.040764762,-1
2017/12/12,1.451265,1.408201429,-0.043063571,-1
2017/12/13,1.454713333,1.409380714,-0.045332619,-1
2017/12/14,1.458038333,1.409971429,-0.048066905,-1
2017/12/15,1.460736667,1.410722857,-0.05001381,-1
2017/12/18,1.46279,1.410777143,-0.052012857,-1
2017/12/19,1.464906667,1.410618571,-0.054288095,-1
2017/12/20,1.466688333,1.410280714,-0.056407619,-1
2017/12/21,1.46897,1.410282143,-0.058687857,-1
2017/12/22,1.470876667,1.410452857,-0.06042381,-1
2017/12/25,1.472868333,1.410650714,-0.062217619,-1
2017/12/26,1.47511,1.410884286,-0.064225714,-1
2017/12/27,1.47831,1.411457143,-0.066852857,-1
2017/12/28,1.481511667,1.411797857,-0.06971381,-1
2017/12/29,1.485463333,1.413012857,-0.072450476,-1
2017/12/30,1.488846667,1.414102857,-0.07474381,-1
2017/12/31,1.491908333,1.414817857,-0.077090476,-1
2018/1/2,1.494188333,1.415032857,-0.079155476,-1
2018/1/3,1.49635,1.415607857,-0.080742143,-1
2018/1/4,1.497648333,1.416311429,-0.081336905,-1
2018/1/5,1.498411667,1.417402857,-0.08100881,-1
2018/1/8,1.49808,1.418172143,-0.079907857,-1
2018/1/9,1.497151667,1.418619286,-0.078532381,-1
2018/1/10,1.496875,1.419417857,-0.077457143,-1
2018/1/11,1.498256667,1.42057,-0.077686667,-1
2018/1/12,1.498933333,1.421518571,-0.077414762,-1
2018/1/15,1.500816667,1.422725714,-0.078090952,-1
2018/1/16,1.502196667,1.424322857,-0.07787381,-1
2018/1/17,1.50341,1.42568,-0.07773,-1
2018/1/18,1.502628333,1.426741429,-0.075886905,-1
2018/1/19,1.499193333,1.427611429,-0.071581905,-1
2018/1/22,1.495535,1.427949286,-0.067585714,-1
2018/1/23,1.492508333,1.428642857,-0.063865476,-1
2018/1/24,1.488823333,1.429121429,-0.059701905,-1
2018/1/25,1.485021667,1.429556429,-0.055465238,-1
2018/1/26,1.480473333,1.429280714,-0.051192619,-1
2018/1/29,1.475065,1.428685714,-0.046379286,-1
2018/1/30,1.469176667,1.427937143,-0.041239524,-1
2018/1/31,1.463138333,1.426873571,-0.036264762,-1
2018/2/1,1.456915,1.425514286,-0.031400714,-1
2018/2/2,1.448901667,1.424137143,-0.024764524,-1
2018/2/5,1.441805,1.422849286,-0.018955714,-1
2018/2/6,1.433013333,1.421495,-0.011518333,-1
2018/2/7,1.424305,1.419542143,-0.004762857,-1
2018/2/8,1.415306667,1.417428571,0.002121905,1
2018/2/9,1.40664,1.415090714,0.008450714,1
2018/2/11,1.397598333,1.412850714,0.015252381,1
2018/2/12,1.386765,1.410199286,0.023434286,1
2018/2/13,1.376346667,1.407940714,0.031594048,1
2018/2/14,1.365578333,1.404780714,0.039202381,1
2018/2/15,1.35458,1.401969286,0.047389286,1
2018/2/16,1.344248333,1.398970714,0.054722381,1
2018/2/20,1.335083333,1.395775714,0.060692381,1
2018/2/21,1.326085,1.392232143,0.066147143,1
2018/2/22,1.316751667,1.389251429,0.072499762,1
2018/2/23,1.307918333,1.386966429,0.079048095,1
2018/2/24,1.299085,1.384226429,0.085141429,1
2018/2/26,1.289751667,1.381245,0.091493333,1
2018/2/27,1.279708333,1.377780714,0.098072381,1
2018/2/28,1.270041667,1.374295714,0.104254048,1
2018/3/1,1.261205,1.37151,0.110305,1
2018/3/2,1.251828333,1.368152857,0.116324524,1
2018/3/5,1.241745,1.364796429,0.123051429,1
2018/3/6,1.231493333,1.361100714,0.129607381,1
2018/3/7,1.221325,1.357101429,0.135776429,1
2018/3/8,1.212323333,1.353244286,0.140920952,1
2018/3/9,1.203778333,1.349297857,0.145519524,1
2018/3/12,1.196175,1.345353571,0.149178571,1
2018/3/13,1.189103333,1.341931429,0.152828095,1
2018/3/14,1.182991667,1.338687857,0.15569619,1
2018/3/15,1.176535,1.334485,0.15795,1
2018/3/16,1.16899,1.330270714,0.161280714,1
2018/3/19,1.160403333,1.325948571,0.165545238,1
2018/3/20,1.151151667,1.321377857,0.17022619,1
2018/3/21,1.141023333,1.317073571,0.176050238,1
2018/3/22,1.131645,1.313287143,0.181642143,1
2018/3/23,1.121641667,1.309322143,0.187680476,1
2018/3/26,1.112306667,1.305625714,0.193319048,1
2018/3/27,1.103756667,1.302518571,0.198761905,1
2018/3/28,1.095401667,1.299508571,0.204106905,1
2018/3/29,1.087975,1.296864286,0.208889286,1
2018/3/30,1.08097,1.294434286,0.213464286,1
2018/4/2,1.075383333,1.291879286,0.216495952,1
2018/4/3,1.06856,1.289020714,0.220460714,1
2018/4/4,1.06054,1.285841429,0.225301429,1
2018/4/5,1.052368333,1.282385714,0.230017381,1
2018/4/6,1.044675,1.279813571,0.235138571,1
2018/4/8,1.036528333,1.277150714,0.240622381,1
2018/4/9,1.028631667,1.274524286,0.245892619,1
2018/4/10,1.021235,1.271897857,0.250662857,1
2018/4/11,1.014326667,1.269378571,0.255051905,1
2018/4/12,1.007471667,1.266502143,0.259030476,1
2018/4/13,1.000385,1.263663571,0.263278571,1
2018/4/16,0.992475,1.260538571,0.268063571,1
2018/4/17,0.984436667,1.257592857,0.27315619,1
2018/4/18,0.973683333,1.252975714,0.279292381,1
2018/4/19,0.962843333,1.2479,0.285056667,1
2018/4/20,0.952215,1.242596429,0.290381429,1
2018/4/23,0.94268,1.237420714,0.294740714,1
2018/4/24,0.933661667,1.231645714,0.297984048,1
2018/4/25,0.925538333,1.225762857,0.300224524,1
2018/4/26,0.917,1.220002143,0.303002143,1
2018/4/27,0.910065,1.214857857,0.304792857,1
2018/4/28,0.903926667,1.209679286,0.305752619,1
2018/4/30,0.897953333,1.204965,0.307011667,1
2018/5/1,0.891315,1.200026429,0.308711429,1
2018/5/2,0.885465,1.195701429,0.310236429,1
2018/5/3,0.880326667,1.191200714,0.310874048,1
2018/5/4,0.874358333,1.186665,0.312306667,1
2018/5/7,0.870051667,1.181630714,0.311579048,1
2018/5/8,0.865918333,1.175778571,0.309860238,1
2018/5/9,0.861038333,1.170033571,0.308995238,1
2018/5/10,0.856575,1.164529286,0.307954286,1
2018/5/11,0.853041667,1.158789286,0.305747619,1
2018/5/14,0.848683333,1.152732857,0.304049524,1
2018/5/15,0.842765,1.146202143,0.303437143,1
2018/5/16,0.836638333,1.139461429,0.302823095,1
2018/5/17,0.830251667,1.132672143,0.302420476,1
2018/5/18,0.825748333,1.126197857,0.300449524,1
2018/5/21,0.820476667,1.120011429,0.299534762,1
2018/5/22,0.813808333,1.113297143,0.29948881,1
2018/5/23,0.808055,1.106565,0.29851,1
2018/5/24,0.803135,1.09978,0.296645,1
2018/5/25,0.798756667,1.093566429,0.294809762,1
2018/5/28,0.794586667,1.08721,0.292623333,1
2018/5/29,0.792416667,1.081925,0.289508333,1
2018/5/30,0.78958,1.075979286,0.286399286,1
2018/5/31,0.786723333,1.069678571,0.282955238,1
2018/6/1,0.78229,1.063000714,0.280710714,1
2018/6/4,0.776988333,1.056621429,0.279633095,1
2018/6/5,0.772563333,1.050265,0.277701667,1
2018/6/6,0.767976667,1.043622857,0.27564619,1
2018/6/7,0.764306667,1.037909286,0.273602619,1
2018/6/8,0.761218333,1.032517857,0.271299524,1
2018/6/11,0.758171667,1.026625,0.268453333,1
2018/6/12,0.75496,1.020947143,0.265987143,1
2018/6/13,0.751663333,1.015000714,0.263337381,1
2018/6/14,0.748363333,1.00884,0.260476667,1
2018/6/15,0.743523333,1.002769286,0.259245952,1
2018/6/18,0.738726667,0.996716429,0.257989762,1
2018/6/19,0.733138333,0.990502143,0.25736381,1
2018/6/20,0.727716667,0.984342143,0.256625476,1
2018/6/21,0.72221,0.977949286,0.255739286,1
2018/6/22,0.717205,0.971520714,0.254315714,1
2018/6/25,0.713486667,0.965591429,0.252104762,1
2018/6/26,0.71027,0.959877143,0.249607143,1
2018/6/27,0.706428333,0.954751429,0.248323095,1
2018/6/28,0.702421667,0.949607857,0.24718619,1
2018/6/29,0.697583333,0.94393,0.246346667,1
2018/7/2,0.692265,0.938207143,0.245942143,1
2018/7/3,0.688008333,0.93301,0.245001667,1
2018/7/4,0.684671667,0.927742857,0.24307119,1
2018/7/5,0.68091,0.921920714,0.241010714,1
2018/7/6,0.678906667,0.916565,0.237658333,1
2018/7/9,0.67644,0.910868571,0.234428571,1
2018/7/10,0.677136667,0.9051,0.227963333,1
2018/7/11,0.678375,0.899242857,0.220867857,1
2018/7/12,0.680113333,0.893707143,0.21359381,1
2018/7/13,0.680678333,0.887847143,0.20716881,1
2018/7/16,0.681433333,0.881839286,0.200405952,1
2018/7/17,0.682083333,0.875907857,0.193824524,1
2018/7/18,0.681356667,0.869977857,0.18862119,1
2018/7/19,0.680098333,0.864692143,0.18459381,1
2018/7/20,0.679461667,0.859359286,0.179897619,1
2018/7/23,0.677576667,0.853245,0.175668333,1
2018/7/24,0.676906667,0.847729286,0.170822619,1
2018/7/25,0.675655,0.842060714,0.166405714,1
2018/7/26,0.673145,0.835892857,0.162747857,1
2018/7/27,0.671133333,0.829975,0.158841667,1
2018/7/30,0.668458333,0.824129286,0.155670952,1
2018/7/31,0.665108333,0.818313571,0.153205238,1
2018/8/1,0.661048333,0.812396429,0.151348095,1
2018/8/2,0.657196667,0.806538571,0.149341905,1
2018/8/3,0.653671667,0.800867143,0.147195476,1
2018/8/6,0.650723333,0.795176429,0.144453095,1
2018/8/7,0.648598333,0.789684286,0.141085952,1
2018/8/8,0.647675,0.784865714,0.137190714,1
2018/8/9,0.647935,0.780711429,0.132776429,1
2018/8/10,0.648478333,0.777057857,0.128579524,1
2018/8/13,0.649623333,0.774029286,0.124405952,1
2018/8/14,0.650488333,0.77112,0.120631667,1
2018/8/15,0.652036667,0.768092857,0.11605619,1
2018/8/16,0.65327,0.765604286,0.112334286,1
2018/8/17,0.654933333,0.763835714,0.108902381,1
2018/8/20,0.657141667,0.762282143,0.105140476,1
2018/8/21,0.656306667,0.760353571,0.104046905,1
2018/8/22,0.656805,0.758496429,0.101691429,1
2018/8/23,0.656925,0.75689,0.099965,1
2018/8/24,0.658218333,0.755231429,0.097013095,1
2018/8/27,0.659336667,0.753946429,0.094609762,1
2018/8/28,0.659168333,0.752231429,0.093063095,1
2018/8/29,0.659666667,0.750230714,0.090564048,1
2018/8/30,0.659331667,0.748301429,0.088969762,1
2018/8/31,0.659328333,0.746765,0.087436667,1
2018/9/3,0.660076667,0.745192857,0.08511619,1
2018/9/4,0.659823333,0.743192143,0.08336881,1
2018/9/5,0.66028,0.741227143,0.080947143,1
2018/9/6,0.66107,0.739405,0.078335,1
2018/9/7,0.661358333,0.737762143,0.07640381,1
2018/9/10,0.661896667,0.736082857,0.07418619,1
2018/9/11,0.66231,0.733832857,0.071522857,1
2018/9/12,0.662471667,0.731760714,0.069289048,1
2018/9/13,0.662593333,0.729741429,0.067148095,1
2018/9/14,0.662338333,0.727597143,0.06525881,1
2018/9/17,0.661211667,0.725542857,0.06433119,1
2018/9/18,0.659458333,0.722935,0.063476667,1
2018/9/19,0.657288333,0.720541429,0.063253095,1
2018/9/20,0.656286667,0.718227143,0.061940476,1
2018/9/21,0.655946667,0.715434286,0.059487619,1
2018/9/24,0.65592,0.712319286,0.056399286,1
2018/9/25,0.654418333,0.709245714,0.054827381,1
2018/9/26,0.652911667,0.706566429,0.053654762,1
2018/9/27,0.651325,0.703744286,0.052419286,1
2018/9/28,0.648981667,0.701349286,0.052367619,1
2018/9/29,0.646935,0.699116429,0.052181429,1
2018/9/30,0.645055,0.696561429,0.051506429,1
2018/10/1,0.642715,0.693988571,0.051273571,1
2018/10/2,0.640956667,0.6917,0.050743333,1
2018/10/3,0.637698333,0.688107857,0.050409524,1
2018/10/4,0.63419,0.684177143,0.049987143,1
2018/10/5,0.630181667,0.679710714,0.049529048,1
2018/10/8,0.62676,0.675316429,0.048556429,1
2018/10/9,0.623505,0.67103,0.047525,1
2018/10/10,0.619706667,0.666993571,0.047286905,1
2018/10/11,0.61774,0.663473571,0.045733571,1
2018/10/12,0.614766667,0.660185714,0.045419048,1
2018/10/15,0.611505,0.656416429,0.044911429,1
2018/10/16,0.609165,0.652737143,0.043572143,1
2018/10/17,0.606323333,0.648985714,0.042662381,1
2018/10/18,0.603648333,0.645163571,0.041515238,1
2018/10/19,0.601058333,0.641198571,0.040140238,1
2018/10/22,0.599845,0.637699286,0.037854286,1
2018/10/23,0.598338333,0.634232857,0.035894524,1
2018/10/24,0.597241667,0.631481429,0.034239762,1
2018/10/25,0.59531,0.628407857,0.033097857,1
2018/10/26,0.594533333,0.627191429,0.032658095,1
2018/10/29,0.592348333,0.626082143,0.03373381,1
2018/10/30,0.588656667,0.624900714,0.036244048,1
2018/10/31,0.583258333,0.62302,0.039761667,1
2018/11/1,0.577441667,0.621363571,0.043921905,1
2018/11/2,0.571845,0.619537143,0.047692143,1
2018/11/5,0.565316667,0.617371429,0.052054762,1
2018/11/6,0.55777,0.614620714,0.056850714,1
2018/11/7,0.549085,0.611760714,0.062675714,1
2018/11/8,0.539563333,0.608686429,0.069123095,1
2018/11/9,0.531335,0.606076429,0.074741429,1
2018/11/12,0.523151667,0.603219286,0.080067619,1
2018/11/13,0.51555,0.600557143,0.085007143,1
2018/11/14,0.507116667,0.597842143,0.090725476,1
2018/11/15,0.498803333,0.59484,0.096036667,1
2018/11/16,0.49116,0.591620714,0.100460714,1
2018/11/19,0.484445,0.588833571,0.104388571,1
2018/11/20,0.477728333,0.585938571,0.108210238,1
2018/11/21,0.471003333,0.583034286,0.112030952,1
2018/11/22,0.46428,0.580448571,0.116168571,1
2018/11/23,0.45814,0.578352857,0.120212857,1
2018/11/26,0.452056667,0.576406429,0.124349762,1
2018/11/27,0.445555,0.574535,0.12898,1
2018/11/28,0.43922,0.572107143,0.132887143,1
2018/11/29,0.432801667,0.569936429,0.137134762,1
2018/11/30,0.426966667,0.568043571,0.141076905,1
2018/12/3,0.421715,0.566186429,0.144471429,1
2018/12/4,0.416921667,0.564221429,0.147299762,1
2018/12/5,0.412253333,0.561952857,0.149699524,1
2018/12/6,0.408293333,0.559988571,0.151695238,1
2018/12/7,0.405628333,0.557168571,0.151540238,1
2018/12/10,0.402713333,0.554741429,0.152028095,1
2018/12/11,0.398461667,0.551829286,0.153367619,1
2018/12/12,0.39438,0.549187143,0.154807143,1
2018/12/13,0.391478333,0.547100714,0.155622381,1
2018/12/14,0.389501667,0.545076429,0.155574762,1
2018/12/17,0.388185,0.543798571,0.155613571,1
2018/12/18,0.387953333,0.54245,0.154496667,1
2018/12/19,0.388051667,0.541420714,0.153369048,1
2018/12/20,0.387216667,0.540135714,0.152919048,1
2018/12/21,0.386658333,0.538717857,0.152059524,1
2018/12/24,0.388125,0.538186429,0.150061429,1
2018/12/25,0.388308333,0.537390714,0.149082381,1
2018/12/26,0.388821667,0.536092857,0.14727119,1
2018/12/27,0.390165,0.534793571,0.144628571,1
2018/12/28,0.392351667,0.533659286,0.141307619,1
2018/12/29,0.394368333,0.532452857,0.138084524,1
2018/12/30,0.39605,0.531247143,0.135197143,1
2018/12/31,0.398398333,0.530362143,0.13196381,1
2019/1/2,0.399611667,0.528955714,0.129344048,1
2019/1/3,0.402076667,0.528102857,0.12602619,1
2019/1/4,0.403003333,0.526377143,0.12337381,1
2019/1/7,0.403586667,0.524665,0.121078333,1
2019/1/8,0.403593333,0.52299,0.119396667,1
2019/1/9,0.403423333,0.521374286,0.117950952,1
2019/1/10,0.403336667,0.519196429,0.115859762,1
2019/1/11,0.403416667,0.517161429,0.113744762,1
2019/1/14,0.40373,0.515441429,0.111711429,1
2019/1/15,0.403353333,0.513387143,0.11003381,1
2019/1/16,0.402413333,0.510967857,0.108554524,1
2019/1/17,0.400163333,0.508488571,0.108325238,1
2019/1/18,0.397995,0.505919286,0.107924286,1
2019/1/21,0.396621667,0.503404286,0.106782619,1
2019/1/22,0.396763333,0.501342143,0.10457881,1
2019/1/23,0.396853333,0.499400714,0.102547381,1
2019/1/24,0.398315,0.497922143,0.099607143,1
2019/1/25,0.399125,0.496415,0.09729,1
2019/1/28,0.400765,0.494906429,0.094141429,1
2019/1/29,0.403153333,0.493342857,0.090189524,1
2019/1/30,0.40605,0.492317857,0.086267857,1
2019/1/31,0.409173333,0.491333571,0.082160238,1
2019/2/1,0.410951667,0.489775,0.078823333,1
2019/2/2,0.412015,0.488644286,0.076629286,1
2019/2/3,0.413596667,0.487469286,0.073872619,1
2019/2/4,0.415016667,0.486222143,0.071205476,1
2019/2/5,0.416936667,0.485261429,0.068324762,1
2019/2/6,0.418261667,0.484782143,0.066520476,1
2019/2/7,0.420421667,0.484463571,0.064041905,1
2019/2/8,0.423006667,0.484177857,0.06117119,1
2019/2/11,0.424428333,0.483465,0.059036667,1
2019/2/12,0.425313333,0.482659286,0.057345952,1
2019/2/13,0.425593333,0.481228571,0.055635238,1
2019/2/14,0.426803333,0.479764286,0.052960952,1
2019/2/15,0.428626667,0.477885,0.049258333,1
2019/2/18,0.430616667,0.476076429,0.045459762,1
2019/2/19,0.432831667,0.474762143,0.041930476,1
2019/2/20,0.434491667,0.472952857,0.03846119,1
2019/2/21,0.435343333,0.470824286,0.035480952,1
2019/2/22,0.437511667,0.468772143,0.031260476,1
2019/2/25,0.439238333,0.466601429,0.027363095,1
2019/2/26,0.441113333,0.464942857,0.023829524,1
2019/2/27,0.442131667,0.462738571,0.020606905,1
2019/2/28,0.443263333,0.46026,0.016996667,1
2019/3/1,0.444375,0.45754,0.013165,1
2019/3/4,0.445395,0.455411429,0.010016429,1
2019/3/5,0.44603,0.453731429,0.007701429,1
2019/3/6,0.446043333,0.452245714,0.006202381,1
2019/3/7,0.445473333,0.450796429,0.005323095,1
2019/3/8,0.444658333,0.449419286,0.004760952,1
2019/3/11,0.444443333,0.447721429,0.003278095,1
2019/3/12,0.444536667,0.446452143,0.001915476,1
2019/3/13,0.44319,0.445147857,0.001957857,1
2019/3/14,0.442293333,0.443629286,0.001335952,1
2019/3/15,0.443235,0.442611429,-0.000623571,-1
2019/3/18,0.443848333,0.441344286,-0.002504048,-1
2019/3/19,0.444118333,0.440148571,-0.003969762,-1
2019/3/20,0.445765,0.439578571,-0.006186429,-1
2019/3/21,0.447141667,0.438910714,-0.008230952,-1
2019/3/22,0.449333333,0.439074286,-0.010259048,-1
2019/3/25,0.451661667,0.439148571,-0.012513095,-1
2019/3/26,0.452866667,0.439563571,-0.013303095,-1
2019/3/27,0.456481667,0.440317143,-0.016164524,-1
2019/3/28,0.460193333,0.440625,-0.019568333,-1
2019/3/29,0.464646667,0.441004286,-0.023642381,-1
2019/4/1,0.46919,0.441347143,-0.027842857,-1
2019/4/2,0.474648333,0.442152143,-0.03249619,-1
2019/4/3,0.479936667,0.443029286,-0.036907381,-1
2019/4/4,0.485573333,0.444405,-0.041168333,-1
2019/4/5,0.4914,0.445852143,-0.045547857,-1
2019/4/8,0.497795,0.447050714,-0.050744286,-1
2019/4/9,0.505331667,0.448607143,-0.056724524,-1
2019/4/10,0.513868333,0.450699286,-0.063169048,-1
2019/4/11,0.521446667,0.452185714,-0.069260952,-1
2019/4/12,0.528218333,0.454422143,-0.07379619,-1
2019/4/15,0.535961667,0.457302857,-0.07865881,-1
2019/4/16,0.542293333,0.460255714,-0.082037619,-1
2019/4/17,0.54936,0.463243571,-0.086116429,-1
2019/4/18,0.556013333,0.465981429,-0.090031905,-1
2019/4/19,0.562671667,0.468899286,-0.093772381,-1
2019/4/22,0.569405,0.471602857,-0.097802143,-1
2019/4/23,0.575331667,0.474432857,-0.10089881,-1
2019/4/24,0.583683333,0.477851429,-0.105831905,-1
2019/4/25,0.591708333,0.481162857,-0.110545476,-1
2019/4/26,0.600001667,0.48476,-0.115241667,-1
2019/4/28,0.608795,0.488427857,-0.120367143,-1
2019/4/29,0.61713,0.492149286,-0.124980714,-1
2019/4/30,0.625133333,0.49562,-0.129513333,-1
2019/5/1,0.632136667,0.498948571,-0.133188095,-1
2019/5/2,0.638306667,0.501777143,-0.136529524,-1
2019/5/3,0.645471667,0.504962857,-0.14050881,-1
2019/5/5,0.652973333,0.507705,-0.145268333,-1
2019/5/6,0.661025,0.510661429,-0.150363571,-1
2019/5/7,0.669233333,0.514297143,-0.15493619,-1
2019/5/8,0.676453333,0.517825714,-0.158627619,-1
2019/5/9,0.683323333,0.521454286,-0.161869048,-1
2019/5/10,0.68922,0.525065714,-0.164154286,-1
2019/5/13,0.695908333,0.528920714,-0.166987619,-1
2019/5/14,0.702905,0.533025,-0.16988,-1
2019/5/15,0.709756667,0.537631429,-0.172125238,-1
2019/5/16,0.715715,0.542095,-0.17362,-1
2019/5/17,0.721193333,0.546310714,-0.174882619,-1
2019/5/20,0.727573333,0.550347857,-0.177225476,-1
2019/5/21,0.734671667,0.554169286,-0.180502381,-1
2019/5/22,0.743161667,0.558702143,-0.184459524,-1
2019/5/23,0.75179,0.563834286,-0.187955714,-1
2019/5/24,0.760083333,0.568984286,-0.191099048,-1
2019/5/27,0.768715,0.574075714,-0.194639286,-1
2019/5/28,0.777595,0.579310714,-0.198284286,-1
2019/5/29,0.786181667,0.584495714,-0.201685952,-1
2019/5/30,0.795475,0.589662143,-0.205812857,-1
2019/5/31,0.80552,0.595329286,-0.210190714,-1
2019/6/3,0.81623,0.601222143,-0.215007857,-1
2019/6/4,0.825773333,0.60658,-0.219193333,-1
2019/6/5,0.834813333,0.612151429,-0.222661905,-1
2019/6/6,0.844078333,0.617605714,-0.226472619,-1
2019/6/7,0.85401,0.623167143,-0.230842857,-1
2019/6/10,0.86184,0.628203571,-0.233636429,-1
2019/6/11,0.870606667,0.633347143,-0.237259524,-1
2019/6/12,0.878308333,0.638812143,-0.23949619,-1
2019/6/13,0.886508333,0.644097857,-0.242410476,-1
2019/6/14,0.894623333,0.649132857,-0.245490476,-1
2019/6/17,0.901906667,0.654257143,-0.247649524,-1
2019/6/18,0.910186667,0.659935714,-0.250250952,-1
2019/6/19,0.919426667,0.666024286,-0.253402381,-1
2019/6/20,0.929126667,0.671767857,-0.25735881,-1
2019/6/21,0.936996667,0.676792857,-0.26020381,-1
2019/6/24,0.945533333,0.681892857,-0.263640476,-1
2019/6/25,0.95349,0.686777857,-0.266712143,-1
2019/6/26,0.960613333,0.691235714,-0.269377619,-1
2019/6/27,0.969231667,0.696485714,-0.272745952,-1
2019/6/28,0.976685,0.701475714,-0.275209286,-1
2019/7/1,0.983055,0.705669286,-0.277385714,-1
2019/7/2,0.990088333,0.710091429,-0.279996905,-1
2019/7/3,0.997121667,0.715122143,-0.281999524,-1
2019/7/4,1.003193333,0.720029286,-0.283164048,-1
2019/7/5,1.008806667,0.724450714,-0.284355952,-1
2019/7/8,1.014251667,0.728907857,-0.28534381,-1
2019/7/9,1.019403333,0.733132857,-0.286270476,-1
2019/7/10,1.024345,0.737162143,-0.287182857,-1
2019/7/11,1.027993333,0.740909286,-0.287084048,-1
2019/7/12,1.03139,0.744138571,-0.287251429,-1
2019/7/15,1.034455,0.748473571,-0.285981429,-1
2019/7/16,1.037186667,0.752705714,-0.284480952,-1
2019/7/17,1.040876667,0.757881429,-0.282995238,-1
2019/7/18,1.044651667,0.76324,-0.281411667,-1
2019/7/19,1.048303333,0.768563571,-0.279739762,-1
2019/7/22,1.051995,0.773582143,-0.278412857,-1
2019/7/23,1.055353333,0.778215714,-0.277137619,-1
2019/7/24,1.060088333,0.783235,-0.276853333,-1
2019/7/25,1.064031667,0.788513571,-0.275518095,-1
2019/7/26,1.068051667,0.793942857,-0.27410881,-1
2019/7/29,1.072695,0.799818571,-0.272876429,-1
2019/7/30,1.076211667,0.80555,-0.270661667,-1
2019/7/31,1.080921667,0.811036429,-0.269885238,-1
2019/8/1,1.087373333,0.817391429,-0.269981905,-1
2019/8/2,1.094035,0.823231429,-0.270803571,-1
2019/8/5,1.101291667,0.829849286,-0.271442381,-1
2019/8/6,1.109048333,0.836575,-0.272473333,-1
2019/8/7,1.116301667,0.843266429,-0.273035238,-1
2019/8/8,1.123973333,0.849776429,-0.274196905,-1
2019/8/9,1.130725,0.855547143,-0.275177857,-1
2019/8/12,1.139515,0.862589286,-0.276925714,-1
2019/8/13,1.1471,0.869205714,-0.277894286,-1
2019/8/14,1.155168333,0.876518571,-0.278649762,-1
2019/8/15,1.16336,0.884552857,-0.278807143,-1
2019/8/16,1.171346667,0.892302857,-0.27904381,-1
2019/8/19,1.177831667,0.899605714,-0.278225952,-1
2019/8/20,1.185026667,0.906998571,-0.278028095,-1
2019/8/21,1.19218,0.914141429,-0.278038571,-1
2019/8/22,1.198501667,0.921407857,-0.27709381,-1
2019/8/23,1.205323333,0.929619286,-0.275704048,-1
2019/8/26,1.210978333,0.937815714,-0.273162619,-1
2019/8/27,1.218843333,0.946025714,-0.272817619,-1
2019/8/28,1.227043333,0.95433,-0.272713333,-1
2019/8/29,1.234351667,0.962063571,-0.272288095,-1
2019/8/30,1.24158,0.969773571,-0.271806429,-1
2019/9/2,1.249866667,0.97765,-0.272216667,-1
2019/9/3,1.257821667,0.985837857,-0.27198381,-1
2019/9/4,1.265275,0.993567857,-0.271707143,-1
2019/9/5,1.270311667,1.000272143,-0.270039524,-1
2019/9/6,1.275763333,1.00684,-0.268923333,-1
2019/9/9,1.280093333,1.013383571,-0.266709762,-1
2019/9/10,1.282631667,1.019665,-0.262966667,-1
2019/9/11,1.284128333,1.025918571,-0.258209762,-1
2019/9/12,1.285335,1.031742143,-0.253592857,-1
2019/9/13,1.28579,1.03669,-0.2491,-1
2019/9/16,1.286245,1.041979286,-0.244265714,-1
2019/9/17,1.287283333,1.047553571,-0.239729762,-1
2019/9/18,1.289491667,1.053307143,-0.236184524,-1
2019/9/19,1.290658333,1.059149286,-0.231509048,-1
2019/9/20,1.292868333,1.065046429,-0.227821905,-1
2019/9/23,1.295953333,1.071139286,-0.224814048,-1
2019/9/24,1.300788333,1.078017857,-0.222770476,-1
2019/9/25,1.30396,1.084004286,-0.219955714,-1
2019/9/26,1.30813,1.090435714,-0.217694286,-1
2019/9/27,1.313591667,1.097082143,-0.216509524,-1
2019/9/29,1.318973333,1.10314,-0.215833333,-1
2019/9/30,1.325025,1.109368571,-0.215656429,-1
2019/10/1,1.331533333,1.115247857,-0.216285476,-1
2019/10/2,1.339918333,1.121590714,-0.218327619,-1
2019/10/3,1.349385,1.128360714,-0.221024286,-1
2019/10/4,1.358266667,1.134952857,-0.22331381,-1
2019/10/7,1.367231667,1.141436429,-0.225795238,-1
2019/10/8,1.374741667,1.147922143,-0.226819524,-1
2019/10/9,1.381376667,1.154177143,-0.227199524,-1
2019/10/10,1.38726,1.159682857,-0.227577143,-1
2019/10/11,1.392226667,1.164563571,-0.227663095,-1
2019/10/12,1.397946667,1.169232857,-0.22871381,-1
2019/10/14,1.402665,1.173777143,-0.228887857,-1
2019/10/15,1.407886667,1.178552857,-0.22933381,-1
2019/10/16,1.41344,1.183132143,-0.230307857,-1
2019/10/17,1.417995,1.187301429,-0.230693571,-1
2019/10/18,1.423176667,1.192005714,-0.231170952,-1
2019/10/21,1.427916667,1.196621429,-0.231295238,-1
2019/10/22,1.431098333,1.201021429,-0.230076905,-1
2019/10/23,1.434611667,1.205653571,-0.228958095,-1
2019/10/24,1.437,1.210266429,-0.226733571,-1
2019/10/25,1.438765,1.214897143,-0.223867857,-1
2019/10/28,1.440448333,1.219456429,-0.220991905,-1
2019/10/29,1.442721667,1.224055,-0.218666667,-1
2019/10/30,1.446903333,1.229077857,-0.217825476,-1
2019/10/31,1.450385,1.234032857,-0.216352143,-1
2019/11/1,1.454078333,1.238792857,-0.215285476,-1
2019/11/4,1.455493333,1.243157857,-0.212335476,-1
2019/11/5,1.453725,1.246665714,-0.207059286,-1
2019/11/6,1.453288333,1.250656429,-0.202631905,-1
2019/11/7,1.452196667,1.254061429,-0.198135238,-1
2019/11/8,1.449776667,1.257415714,-0.192360952,-1
2019/11/11,1.447103333,1.260768571,-0.186334762,-1
2019/11/12,1.445448333,1.264255,-0.181193333,-1
2019/11/13,1.442325,1.267912857,-0.174412143,-1
2019/11/14,1.441093333,1.272130714,-0.168962619,-1
2019/11/15,1.438318333,1.275633571,-0.162684762,-1
2019/11/18,1.435106667,1.279467143,-0.155639524,-1
2019/11/19,1.432643333,1.283200714,-0.149442619,-1
2019/11/20,1.430766667,1.287579286,-0.143187381,-1
2019/11/21,1.427976667,1.291393571,-0.136583095,-1
2019/11/22,1.424848333,1.295242143,-0.12960619,-1
2019/11/25,1.422351667,1.298965714,-0.123385952,-1
2019/11/26,1.422021667,1.302975,-0.119046667,-1
2019/11/27,1.4209,1.306714286,-0.114185714,-1
2019/11/28,1.4209,1.310523571,-0.110376429,-1
2019/11/29,1.421941667,1.314209286,-0.107732381,-1
2019/12/2,1.42317,1.317350714,-0.105819286,-1
2019/12/3,1.425786667,1.320597857,-0.10518881,-1
2019/12/4,1.429411667,1.323545,-0.105866667,-1
2019/12/5,1.431495,1.326027857,-0.105467143,-1
2019/12/6,1.43212,1.328064286,-0.104055714,-1
2019/12/9,1.432661667,1.33037,-0.102291667,-1
2019/12/10,1.432866667,1.332317143,-0.100549524,-1
2019/12/11,1.433236667,1.334067857,-0.09916881,-1
2019/12/12,1.431315,1.334747143,-0.096567857,-1
2019/12/13,1.429353333,1.336695,-0.092658333,-1
2019/12/16,1.427848333,1.338162143,-0.08968619,-1
2019/12/17,1.425935,1.339802857,-0.086132143,-1
2019/12/18,1.423196667,1.341019286,-0.082177381,-1
2019/12/19,1.420538333,1.342582143,-0.07795619,-1
2019/12/20,1.4172,1.343622857,-0.073577143,-1
2019/12/23,1.41295,1.34438,-0.06857,-1
2019/12/24,1.408156667,1.345154286,-0.063002381,-1
2019/12/25,1.402243333,1.345912143,-0.05633119,-1
2019/12/26,1.395453333,1.346472857,-0.048980476,-1
2019/12/27,1.389921667,1.347037143,-0.042884524,-1
2019/12/30,1.384353333,1.347176429,-0.037176905,-1
2019/12/31,1.379313333,1.347114286,-0.032199048,-1
2020/1/2,1.37614,1.347887143,-0.028252857,-1
2020/1/3,1.375246667,1.348726429,-0.026520238,-1
2020/1/6,1.373806667,1.349368571,-0.024438095,-1
2020/1/7,1.372203333,1.350172857,-0.022030476,-1
2020/1/8,1.369985,1.350304286,-0.019680714,-1
2020/1/9,1.36747,1.350611429,-0.016858571,-1
2020/1/10,1.365053333,1.351015,-0.014038333,-1
2020/1/13,1.361836667,1.351326429,-0.010510238,-1
2020/1/14,1.3595,1.351926429,-0.007573571,-1
2020/1/15,1.357168333,1.352725,-0.004443333,-1
2020/1/16,1.354495,1.353805714,-0.000689286,-1
2020/1/17,1.351055,1.354610714,0.003555714,1
2020/1/19,1.347735,1.355610714,0.007875714,1
2020/1/20,1.344321667,1.356589286,0.012267619,1
2020/1/21,1.340835,1.35813,0.017295,1
2020/1/22,1.336263333,1.359737857,0.023474524,1
2020/1/23,1.330516667,1.360916429,0.030399762,1
2020/1/24,1.326308333,1.362702143,0.03639381,1
2020/1/27,1.324271667,1.364612857,0.04034119,1
2020/1/28,1.323568333,1.366201429,0.042633095,1
2020/1/29,1.322696667,1.368253571,0.045556905,1
2020/1/30,1.323856667,1.370573571,0.046716905,1
2020/1/31,1.326301667,1.373536429,0.047234762,1
2020/2/3,1.325915,1.374694286,0.048779286,1
2020/2/4,1.324416667,1.375848571,0.051431905,1
2020/2/5,1.321533333,1.376547857,0.055014524,1
2020/2/6,1.317428333,1.377016429,0.059588095,1
2020/2/7,1.314376667,1.377704286,0.063327619,1
2020/2/10,1.311675,1.378361429,0.066686429,1
2020/2/11,1.309336667,1.378327857,0.06899119,1
2020/2/12,1.30548,1.378198571,0.072718571,1
2020/2/13,1.302233333,1.377511429,0.075278095,1
2020/2/14,1.30004,1.377095714,0.077055714,1
2020/2/17,1.297961667,1.37682,0.078858333,1
2020/2/18,1.29611,1.376747857,0.080637857,1
2020/2/19,1.294736667,1.377005,0.082268333,1
2020/2/20,1.294248333,1.376837857,0.082589524,1
2020/2/21,1.294281667,1.377287143,0.083005476,1
2020/2/24,1.295211667,1.377369286,0.082157619,1
2020/2/25,1.295835,1.377372857,0.081537857,1
2020/2/26,1.296871667,1.377341429,0.080469762,1
2020/2/27,1.298415,1.377706429,0.079291429,1
2020/2/28,1.302956667,1.378605714,0.075649048,1
2020/3/2,1.307665,1.379863571,0.072198571,1
2020/3/3,1.314335,1.38196,0.067625,1
2020/3/4,1.318881667,1.382735714,0.063854048,1
2020/3/5,1.327176667,1.384546429,0.057369762,1
2020/3/6,1.33593,1.386875,0.050945,1
2020/3/9,1.347348333,1.389721429,0.042373095,1
2020/3/10,1.356176667,1.392013571,0.035836905,1
2020/3/11,1.36441,1.393660714,0.029250714,1
2020/3/12,1.372143333,1.394986429,0.022843095,1
2020/3/13,1.380061667,1.396011429,0.015949762,1
2020/3/16,1.39189,1.398643571,0.006753571,1
2020/3/17,1.399223333,1.400402143,0.00117881,1
2020/3/18,1.404011667,1.400875714,-0.003135952,-1
2020/3/19,1.410615,1.402410714,-0.008204286,-1
2020/3/20,1.419153333,1.405546429,-0.013606905,-1
2020/3/23,1.429808333,1.409610714,-0.020197619,-1
2020/3/24,1.439348333,1.41312,-0.026228333,-1
2020/3/25,1.447355,1.417129286,-0.030225714,-1
2020/3/26,1.454375,1.420782143,-0.033592857,-1
2020/3/27,1.463771667,1.425006429,-0.038765238,-1
2020/3/30,1.473876667,1.429195,-0.044681667,-1
2020/3/31,1.484313333,1.433299286,-0.051014048,-1
2020/4/1,1.495423333,1.437420714,-0.058002619,-1
2020/4/2,1.507148333,1.441527143,-0.06562119,-1
2020/4/3,1.519523333,1.44507,-0.074453333,-1
2020/4/6,1.530308333,1.448932857,-0.081375476,-1
2020/4/7,1.538,1.451240714,-0.086759286,-1
2020/4/8,1.545176667,1.453056429,-0.092120238,-1
2020/4/9,1.554333333,1.455479286,-0.098854048,-1
2020/4/10,1.563871667,1.457973571,-0.105898095,-1
2020/4/13,1.573341667,1.460221429,-0.113120238,-1
2020/4/14,1.582431667,1.462064286,-0.120367381,-1
2020/4/15,1.593386667,1.46431,-0.129076667,-1
2020/4/16,1.60446,1.466427857,-0.138032143,-1
2020/4/17,1.614723333,1.46877,-0.145953333,-1
2020/4/20,1.62437,1.471596429,-0.152773571,-1
2020/4/21,1.635301667,1.475026429,-0.160275238,-1
2020/4/22,1.644193333,1.478367857,-0.165825476,-1
2020/4/23,1.652351667,1.482055714,-0.170295952,-1
2020/4/24,1.659465,1.485615714,-0.173849286,-1
2020/4/26,1.670088333,1.489304286,-0.180784048,-1
2020/4/27,1.680411667,1.492645,-0.187766667,-1
2020/4/28,1.692435,1.496117143,-0.196317857,-1
2020/4/29,1.703796667,1.499502857,-0.20429381,-1
2020/4/30,1.715223333,1.502867143,-0.21235619,-1
2020/5/1,1.726403333,1.506284286,-0.220119048,-1
2020/5/4,1.737303333,1.509558571,-0.227744762,-1
2020/5/5,1.748381667,1.512671429,-0.235710238,-1
2020/5/6,1.759228333,1.515609286,-0.243619048,-1
2020/5/7,1.77134,1.519627857,-0.251712143,-1
2020/5/8,1.781805,1.523115714,-0.258689286,-1
2020/5/9,1.792365,1.526595,-0.26577,-1
2020/5/11,1.802735,1.529504286,-0.273230714,-1
2020/5/12,1.812811667,1.532163571,-0.280648095,-1
2020/5/13,1.824155,1.535891429,-0.288263571,-1
2020/5/14,1.83477,1.539916429,-0.294853571,-1
2020/5/15,1.843936667,1.544606429,-0.299330238,-1
2020/5/18,1.852736667,1.548533571,-0.304203095,-1
2020/5/19,1.86202,1.553345,-0.308675,-1
2020/5/20,1.868726667,1.558155714,-0.310570952,-1
2020/5/21,1.874763333,1.563146429,-0.311616905,-1
2020/5/22,1.878593333,1.567593571,-0.310999762,-1
2020/5/25,1.884796667,1.572366429,-0.312430238,-1
2020/5/26,1.889585,1.576757143,-0.312827857,-1
2020/5/27,1.892663333,1.581594286,-0.311069048,-1
2020/5/28,1.893323333,1.5861,-0.307223333,-1
2020/5/29,1.896695,1.590892857,-0.305802143,-1
2020/6/1,1.901318333,1.595325714,-0.305992619,-1
2020/6/2,1.907106667,1.600327857,-0.30677881,-1
2020/6/3,1.911843333,1.604723571,-0.307119762,-1
2020/6/4,1.912915,1.608885,-0.30403,-1
2020/6/5,1.916981667,1.612527857,-0.30445381,-1
2020/6/8,1.92359,1.616314286,-0.307275714,-1
2020/6/9,1.929476667,1.620372143,-0.309104524,-1
2020/6/10,1.93462,1.625265714,-0.309354286,-1
2020/6/11,1.938596667,1.630507857,-0.30808881,-1
2020/6/12,1.9427,1.634654286,-0.308045714,-1
2020/6/15,1.948181667,1.639459286,-0.308722381,-1
2020/6/16,1.953618333,1.644549286,-0.309069048,-1
2020/6/17,1.957805,1.6503,-0.307505,-1
2020/6/18,1.961613333,1.655888571,-0.305724762,-1
2020/6/19,1.966368333,1.661942857,-0.304425476,-1
2020/6/22,1.970873333,1.667836429,-0.303036905,-1
2020/6/23,1.974828333,1.674461429,-0.300366905,-1
2020/6/24,1.978076667,1.680237143,-0.297839524,-1
2020/6/25,1.982325,1.686565714,-0.295759286,-1
2020/6/26,1.989995,1.692980714,-0.297014286,-1
2020/6/28,1.998128333,1.699455714,-0.298672619,-1
2020/6/29,2.005091667,1.706002143,-0.299089524,-1
2020/6/30,2.01097,1.712446429,-0.298523571,-1
2020/7/1,2.0168,1.719014286,-0.297785714,-1
2020/7/2,2.023121667,1.725620714,-0.297500952,-1
2020/7/3,2.028153333,1.732557143,-0.29559619,-1
2020/7/6,2.034625,1.740358571,-0.294266429,-1
2020/7/7,2.042238333,1.748334286,-0.293904048,-1
2020/7/8,2.049425,1.756627143,-0.292797857,-1
2020/7/9,2.057121667,1.765515714,-0.291605952,-1
2020/7/10,2.064685,1.773458571,-0.291226429,-1
2020/7/13,2.073068333,1.781122143,-0.29194619,-1
2020/7/14,2.08083,1.788625714,-0.292204286,-1
2020/7/15,2.08742,1.795825714,-0.291594286,-1
2020/7/16,2.09511,1.803412857,-0.291697143,-1
2020/7/17,2.101865,1.810857857,-0.291007143,-1
2020/7/20,2.109201667,1.818423571,-0.290778095,-1
2020/7/21,2.115753333,1.825974286,-0.289779048,-1
2020/7/22,2.122221667,1.833165,-0.289056667,-1
2020/7/23,2.129195,1.840427143,-0.288767857,-1
2020/7/24,2.135748333,1.847494286,-0.288254048,-1
2020/7/27,2.142385,1.854750714,-0.287634286,-1
2020/7/28,2.147911667,1.862560714,-0.285350952,-1
2020/7/29,2.155091667,1.870588571,-0.284503095,-1
2020/7/30,2.162365,1.878679286,-0.283685714,-1
2020/7/31,2.170308333,1.886952143,-0.28335619,-1
2020/8/3,2.177246667,1.895047857,-0.28219881,-1
2020/8/4,2.183061667,1.903071429,-0.279990238,-1
2020/8/5,2.188733333,1.9104,-0.278333333,-1
2020/8/6,2.195226667,1.918174286,-0.277052381,-1
2020/8/7,2.202335,1.925521429,-0.276813571,-1
2020/8/10,2.207953333,1.932243571,-0.275709762,-1
2020/8/11,2.213026667,1.938180714,-0.274845952,-1
2020/8/12,2.217476667,1.945244286,-0.272232381,-1
2020/8/13,2.222275,1.95239,-0.269885,-1
2020/8/14,2.225636667,1.959839286,-0.265797381,-1
2020/8/17,2.229001667,1.967431429,-0.261570238,-1
2020/8/18,2.232908333,1.975250714,-0.257657619,-1
2020/8/19,2.237775,1.983,-0.254775,-1
2020/8/20,2.242641667,1.990880714,-0.251760952,-1
2020/8/21,2.247258333,1.998945,-0.248313333,-1
2020/8/24,2.251335,2.007085714,-0.244249286,-1
2020/8/25,2.256873333,2.014795,-0.242078333,-1
2020/8/26,2.262723333,2.022354286,-0.240369048,-1
2020/8/27,2.269096667,2.029522143,-0.239574524,-1
2020/8/28,2.275715,2.036733571,-0.238981429,-1
2020/8/31,2.281291667,2.043390714,-0.237900952,-1
2020/9/1,2.286253333,2.050396429,-0.235856905,-1
2020/9/2,2.291796667,2.057615714,-0.234180952,-1
2020/9/3,2.29913,2.064637857,-0.234492143,-1
2020/9/4,2.304546667,2.07132,-0.233226667,-1
2020/9/7,2.310133333,2.078142857,-0.231990476,-1
2020/9/8,2.315013333,2.084038571,-0.230974762,-1
2020/9/9,2.31881,2.089236429,-0.229573571,-1
2020/9/10,2.322611667,2.094061429,-0.228550238,-1
2020/9/11,2.326933333,2.099858571,-0.227074762,-1
2020/9/14,2.331608333,2.104932143,-0.22667619,-1
2020/9/15,2.33589,2.108791429,-0.227098571,-1
2020/9/16,2.340133333,2.112045,-0.228088333,-1
2020/9/17,2.343833333,2.116262143,-0.22757119,-1
2020/9/18,2.34743,2.12075,-0.22668,-1
2020/9/21,2.350921667,2.125478571,-0.225443095,-1
2020/9/22,2.354976667,2.130267143,-0.224709524,-1
2020/9/23,2.3592,2.133575714,-0.225624286,-1
2020/9/24,2.363126667,2.138722143,-0.224404524,-1
2020/9/25,2.367328333,2.145407143,-0.22192119,-1
2020/9/27,2.370103333,2.151567857,-0.218535476,-1
2020/9/28,2.371326667,2.156408571,-0.214918095,-1
2020/9/29,2.372593333,2.160677857,-0.211915476,-1
2020/9/30,2.372548333,2.165458571,-0.207089762,-1
2020/10/1,2.37401,2.170596429,-0.203413571,-1
2020/10/2,2.374551667,2.175483571,-0.199068095,-1
2020/10/5,2.374426667,2.178906429,-0.195520238,-1
2020/10/6,2.375631667,2.182292143,-0.193339524,-1
2020/10/7,2.375836667,2.185494286,-0.190342381,-1
2020/10/8,2.376795,2.188588571,-0.188206429,-1
2020/10/9,2.378231667,2.191745,-0.186486667,-1
2020/10/10,2.380043333,2.194768571,-0.185274762,-1
2020/10/12,2.381876667,2.198122857,-0.18375381,-1
2020/10/13,2.384186667,2.203078571,-0.181108095,-1
2020/10/14,2.38775,2.208597143,-0.179152857,-1
2020/10/15,2.391598333,2.213578571,-0.178019762,-1
2020/10/16,2.393745,2.218220714,-0.175524286,-1
2020/10/19,2.394728333,2.222611429,-0.172116905,-1
2020/10/20,2.394713333,2.2268,-0.167913333,-1
2020/10/21,2.393698333,2.229942857,-0.163755476,-1
2020/10/22,2.392266667,2.232679286,-0.159587381,-1
2020/10/23,2.391086667,2.235798571,-0.155288095,-1
2020/10/26,2.390656667,2.238808571,-0.151848095,-1
2020/10/27,2.389645,2.241464286,-0.148180714,-1
2020/10/28,2.389131667,2.244780714,-0.144350952,-1
2020/10/29,2.38866,2.247804286,-0.140855714,-1
2020/10/30,2.388436667,2.250597143,-0.137839524,-1
2020/11/2,2.389045,2.253368571,-0.135676429,-1
2020/11/3,2.389556667,2.256309286,-0.133247381,-1
2020/11/4,2.392253333,2.259761429,-0.132491905,-1
2020/11/5,2.394738333,2.263549286,-0.131189048,-1
2020/11/6,2.395891667,2.266965714,-0.128925952,-1
2020/11/9,2.395295,2.269667857,-0.125627143,-1
2020/11/10,2.393575,2.27214,-0.121435,-1
2020/11/11,2.392188333,2.274862143,-0.11732619,-1
2020/11/12,2.392715,2.27858,-0.114135,-1
2020/11/13,2.3932,2.281306429,-0.111893571,-1
2020/11/16,2.39325,2.284402143,-0.108847857,-1
2020/11/17,2.394861667,2.287735,-0.107126667,-1
2020/11/18,2.396808333,2.291336429,-0.105471905,-1
2020/11/19,2.399991667,2.295039286,-0.104952381,-1
2020/11/20,2.401861667,2.297985,-0.103876667,-1
2020/11/23,2.401233333,2.300385714,-0.100847619,-1
2020/11/24,2.400148333,2.303014286,-0.097134048,-1
2020/11/25,2.399893333,2.305815714,-0.094077619,-1
2020/11/26,2.399553333,2.308514286,-0.091039048,-1
2020/11/27,2.400003333,2.311728571,-0.088274762,-1
2020/11/30,2.400661667,2.314621429,-0.086040238,-1
2020/12/1,2.399815,2.317442143,-0.082372857,-1
2020/12/2,2.39778,2.319708571,-0.078071429,-1
2020/12/3,2.395978333,2.321957857,-0.074020476,-1
2020/12/4,2.393758333,2.323546429,-0.070211905,-1
2020/12/7,2.391993333,2.325760714,-0.066232619,-1
2020/12/8,2.390188333,2.327759286,-0.062429048,-1
2020/12/9,2.388628333,2.329597143,-0.05903119,-1
2020/12/10,2.387298333,2.331275,-0.056023333,-1
2020/12/11,2.387111667,2.333953571,-0.053158095,-1
2020/12/14,2.386713333,2.336632143,-0.05008119,-1
2020/12/15,2.385775,2.339633571,-0.046141429,-1
2020/12/16,2.38387,2.34267,-0.0412,-1
2020/12/17,2.381666667,2.345363571,-0.036303095,-1
2020/12/18,2.380016667,2.347292857,-0.03272381,-1
2020/12/21,2.37745,2.348757857,-0.028692143,-1
2020/12/22,2.374776667,2.350634286,-0.024142381,-1
2020/12/23,2.371228333,2.351902143,-0.01932619,-1
2020/12/24,2.368596667,2.353331429,-0.015265238,-1
2020/12/25,2.36659,2.3541,-0.01249,-1
2020/12/28,2.363835,2.354672857,-0.009162143,-1
2020/12/29,2.361788333,2.35496,-0.006828333,-1
2020/12/30,2.358825,2.354853571,-0.003971429,-1
2020/12/31,2.355751667,2.354997857,-0.00075381,-1
2021/1/4,2.353221667,2.355545,0.002323333,1
2021/1/5,2.349461667,2.355467143,0.006005476,1
2021/1/6,2.343305,2.354497143,0.011192143,1
2021/1/7,2.335981667,2.353391429,0.017409762,1
2021/1/8,2.328075,2.352,0.023925,1
2021/1/11,2.320625,2.35093,0.030305,1
2021/1/12,2.313545,2.349787857,0.036242857,1
2021/1/13,2.307381667,2.348625714,0.041244048,1
2021/1/14,2.300721667,2.346757857,0.04603619,1
2021/1/15,2.29639,2.344864286,0.048474286,1
2021/1/18,2.291558333,2.34265,0.051091667,1
2021/1/19,2.286183333,2.340276429,0.054093095,1
2021/1/20,2.281018333,2.33742,0.056401667,1
2021/1/21,2.274726667,2.334798571,0.060071905,1
2021/1/22,2.269435,2.331961429,0.062526429,1
2021/1/25,2.26579,2.329865714,0.064075714,1
2021/1/26,2.262456667,2.328384286,0.065927619,1
2021/1/27,2.259913333,2.326939286,0.067025952,1
2021/1/28,2.255536667,2.325620714,0.070084048,1
2021/1/29,2.249993333,2.323888571,0.073895238,1
2021/2/1,2.245075,2.322389286,0.077314286,1
2021/2/2,2.241573333,2.320818571,0.079245238,1
2021/2/3,2.238525,2.318995714,0.080470714,1
2021/2/4,2.235618333,2.317663571,0.082045238,1
2021/2/5,2.229701667,2.316001429,0.086299762,1
2021/2/7,2.22379,2.313825714,0.090035714,1
2021/2/8,2.218505,2.311579286,0.093074286,1
2021/2/9,2.2124,2.309178571,0.096778571,1
2021/2/10,2.206581667,2.306882143,0.100300476,1
2021/2/11,2.199851667,2.304727143,0.104875476,1
2021/2/12,2.1926,2.302072857,0.109472857,1
2021/2/16,2.184931667,2.298756429,0.113824762,1
2021/2/17,2.177346667,2.295351429,0.118004762,1
2021/2/18,2.170773333,2.292289286,0.121515952,1
2021/2/19,2.162653333,2.2891,0.126446667,1
2021/2/20,2.153661667,2.286286429,0.132624762,1
2021/2/22,2.145221667,2.283655,0.138433333,1
2021/2/23,2.137571667,2.281140714,0.143569048,1
2021/2/24,2.129908333,2.278682143,0.14877381,1
2021/2/25,2.119361667,2.274969286,0.155607619,1
2021/2/26,2.111773333,2.271631429,0.159858095,1
2021/3/1,2.102896667,2.267955714,0.165059048,1
2021/3/2,2.094435,2.264242143,0.169807143,1
2021/3/3,2.08548,2.260263571,0.174783571,1
2021/3/4,2.075236667,2.255804286,0.180567619,1
2021/3/5,2.063413333,2.251042143,0.18762881,1
2021/3/8,2.051168333,2.245965714,0.194797381,1
2021/3/9,2.04017,2.241522143,0.201352143,1
2021/3/10,2.029338333,2.23708,0.207741667,1
2021/3/11,2.018845,2.232886429,0.214041429,1
2021/3/12,2.006863333,2.227554286,0.220690952,1
2021/3/15,1.995843333,2.221920714,0.226077381,1
2021/3/16,1.984903333,2.215965714,0.231062381,1
2021/3/17,1.974421667,2.21042,0.235998333,1
2021/3/18,1.96207,2.204161429,0.242091429,1
2021/3/19,1.949546667,2.197471429,0.247924762,1
2021/3/22,1.93818,2.191545714,0.253365714,1
2021/3/23,1.927598333,2.185668571,0.258070238,1
2021/3/24,1.917308333,2.1793,0.261991667,1
2021/3/25,1.906396667,2.172764286,0.266367619,1
2021/3/26,1.894405,2.166337143,0.271932143,1
2021/3/29,1.882666667,2.15941,0.276743333,1
2021/3/30,1.872506667,2.1525,0.279993333,1
2021/3/31,1.862558333,2.145589286,0.283030952,1
2021/4/1,1.854065,2.139061429,0.284996429,1
2021/4/2,1.8452,2.132454286,0.287254286,1
2021/4/5,1.83646,2.125756429,0.289296429,1
2021/4/6,1.82851,2.119504286,0.290994286,1
2021/4/7,1.821603333,2.112875714,0.291272381,1
2021/4/8,1.813958333,2.106516429,0.292558095,1
2021/4/9,1.805396667,2.100108571,0.294711905,1
2021/4/12,1.796128333,2.09322,0.297091667,1
2021/4/13,1.787155,2.086537143,0.299382143,1
2021/4/14,1.779015,2.079800714,0.300785714,1
2021/4/15,1.772253333,2.073833571,0.301580238,1
2021/4/16,1.763766667,2.068154286,0.304387619,1
2021/4/19,1.75439,2.062137857,0.307747857,1
2021/4/20,1.745253333,2.056689286,0.311435952,1
2021/4/21,1.736201667,2.051080714,0.314879048,1
2021/4/22,1.728248333,2.045324286,0.317075952,1
2021/4/23,1.720093333,2.039553571,0.319460238,1
2021/4/25,1.712391667,2.033896429,0.321504762,1
2021/4/26,1.705078333,2.027949286,0.322870952,1
2021/4/27,1.69663,2.021469286,0.324839286,1
2021/4/28,1.688988333,2.014882857,0.325894524,1
2021/4/29,1.680828333,2.00829,0.327461667,1
2021/4/30,1.671945,2.001815,0.32987,1
2021/5/3,1.66334,1.995732857,0.332392857,1
2021/5/4,1.654325,1.990007857,0.335682857,1
2021/5/5,1.64581,1.984817143,0.339007143,1
2021/5/6,1.637906667,1.979281429,0.341374762,1
2021/5/7,1.631473333,1.973392143,0.34191881,1
2021/5/8,1.624861667,1.967587143,0.342725476,1
2021/5/10,1.61691,1.961337143,0.344427143,1
2021/5/11,1.609913333,1.955351429,0.345438095,1
2021/5/12,1.601921667,1.949208571,0.347286905,1
2021/5/13,1.594805,1.943266429,0.348461429,1
2021/5/14,1.58845,1.937809286,0.349359286,1
2021/5/17,1.582278333,1.93155,0.349271667,1
2021/5/18,1.578501667,1.925153571,0.346651905,1
2021/5/19,1.572001667,1.918535714,0.346534048,1
2021/5/20,1.566545,1.912777143,0.346232143,1
2021/5/21,1.560381667,1.907159286,0.346777619,1
2021/5/24,1.55521,1.901558571,0.346348571,1
2021/5/25,1.551868333,1.895441429,0.343573095,1
2021/5/26,1.54844,1.889002143,0.340562143,1
2021/5/27,1.545308333,1.882562143,0.33725381,1
2021/5/28,1.542053333,1.876032857,0.333979524,1
2021/5/31,1.538048333,1.86904,0.330991667,1
2021/6/1,1.533205,1.861406429,0.328201429,1
2021/6/2,1.530766667,1.854227857,0.32346119,1
2021/6/3,1.52695,1.847227857,0.320277857,1
2021/6/4,1.525135,1.84096,0.315825,1
2021/6/7,1.523695,1.834906429,0.311211429,1
2021/6/8,1.524208333,1.829013571,0.304805238,1
2021/6/9,1.52602,1.822907143,0.296887143,1
2021/6/10,1.527838333,1.817478571,0.289640238,1
2021/6/11,1.529123333,1.812515,0.283391667,1
2021/6/14,1.529866667,1.807337143,0.277470476,1
2021/6/15,1.53069,1.801926429,0.271236429,1
2021/6/16,1.531216667,1.796676429,0.265459762,1
2021/6/17,1.533781667,1.791605,0.257823333,1
2021/6/18,1.537018333,1.786855714,0.249837381,1
2021/6/21,1.539461667,1.781660714,0.242199048,1
2021/6/22,1.541156667,1.776429286,0.235272619,1
2021/6/23,1.54289,1.770645,0.227755,1
2021/6/24,1.544915,1.764985714,0.220070714,1
2021/6/25,1.544981667,1.759164286,0.214182619,1
2021/6/28,1.545961667,1.753772143,0.207810476,1
2021/6/29,1.546181667,1.748451429,0.202269762,1
2021/6/30,1.54761,1.743362857,0.195752857,1
2021/7/1,1.549326667,1.73831,0.188983333,1
2021/7/2,1.551288333,1.733613571,0.182325238,1
2021/7/5,1.553126667,1.729185714,0.176059048,1
2021/7/6,1.554836667,1.725079286,0.170242619,1
2021/7/7,1.557375,1.721347857,0.163972857,1
2021/7/8,1.55966,1.717491429,0.157831429,1
2021/7/9,1.560745,1.713385,0.15264,1
2021/7/12,1.560413333,1.708904286,0.148490952,1
2021/7/13,1.558983333,1.703852143,0.14486881,1
2021/7/14,1.558545,1.698977857,0.140432857,1
2021/7/15,1.559238333,1.695229286,0.135990952,1
2021/7/16,1.559418333,1.691997857,0.132579524,1
2021/7/19,1.562426667,1.689945714,0.127519048,1
2021/7/20,1.564558333,1.687661429,0.123103095,1
2021/7/21,1.565911667,1.684841429,0.118929762,1
2021/7/22,1.568318333,1.682432143,0.11411381,1
2021/7/23,1.569641667,1.679558571,0.109916905,1
2021/7/26,1.570093333,1.676881429,0.106788095,1
2021/7/27,1.571543333,1.674168571,0.102625238,1
2021/7/28,1.573218333,1.671421429,0.098203095,1
2021/7/29,1.57397,1.668157857,0.094187857,1
2021/7/30,1.574605,1.664838571,0.090233571,1
2021/8/2,1.576358333,1.662036429,0.085678095,1
2021/8/3,1.578786667,1.659359286,0.080572619,1
2021/8/4,1.582166667,1.656227143,0.074060476,1
2021/8/5,1.583703333,1.652372143,0.06866881,1
2021/8/6,1.583565,1.647945714,0.064380714,1
2021/8/9,1.583883333,1.643698571,0.059815238,1
2021/8/10,1.584065,1.639755714,0.055690714,1
2021/8/11,1.58547,1.635847857,0.050377857,1
2021/8/12,1.585911667,1.631779286,0.045867619,1
2021/8/13,1.588105,1.628407857,0.040302857,1
2021/8/16,1.59076,1.625190714,0.034430714,1
2021/8/17,1.592375,1.622301429,0.029926429,1
2021/8/18,1.594031667,1.619105714,0.025074048,1
2021/8/19,1.596315,1.615909286,0.019594286,1
2021/8/20,1.597806667,1.612635714,0.014829048,1
2021/8/23,1.600343333,1.609223571,0.008880238,1
2021/8/24,1.602713333,1.60549,0.002776667,1
2021/8/25,1.603208333,1.601631429,-0.001576905,-1
2021/8/26,1.605205,1.598773571,-0.006431429,-1
2021/8/27,1.60566,1.595951429,-0.009708571,-1
2021/8/30,1.606001667,1.592861429,-0.013140238,-1
2021/8/31,1.605418333,1.590198571,-0.015219762,-1
2021/9/1,1.603876667,1.587285,-0.016591667,-1
2021/9/2,1.602045,1.584688571,-0.017356429,-1
2021/9/3,1.599463333,1.581897143,-0.01756619,-1
2021/9/6,1.597593333,1.579202143,-0.01839119,-1
2021/9/7,1.595473333,1.577402857,-0.018070476,-1
2021/9/8,1.594813333,1.575122143,-0.01969119,-1
2021/9/9,1.594028333,1.573518571,-0.020509762,-1
2021/9/10,1.591451667,1.571291429,-0.020160238,-1
2021/9/13,1.590876667,1.569687857,-0.02118881,-1
2021/9/14,1.590845,1.568832857,-0.022012143,-1
2021/9/15,1.590938333,1.568155714,-0.022782619,-1
2021/9/16,1.5902,1.567427857,-0.022772143,-1
2021/9/17,1.58963,1.566075714,-0.023554286,-1
2021/9/18,1.587986667,1.564621429,-0.023365238,-1
2021/9/20,1.587426667,1.563557857,-0.02386881,-1
2021/9/21,1.585991667,1.562989286,-0.023002381,-1
2021/9/22,1.584926667,1.562202857,-0.02272381,-1
2021/9/23,1.581696667,1.560810714,-0.020885952,-1
2021/9/24,1.577805,1.559207143,-0.018597857,-1
2021/9/26,1.57271,1.558210714,-0.014499286,-1
2021/9/27,1.567328333,1.55754,-0.009788333,-1
2021/9/28,1.56156,1.556082857,-0.005477143,-1
2021/9/29,1.556128333,1.554183571,-0.001944762,-1
2021/9/30,1.552703333,1.552645,-5.83E-05,-1
2021/10/1,1.550903333,1.551497857,0.000594524,1
2021/10/4,1.547936667,1.550491429,0.002554762,1
2021/10/5,1.542801667,1.549572857,0.00677119,1
2021/10/6,1.538041667,1.548655714,0.010614048,1
2021/10/7,1.530363333,1.547576429,0.017213095,1
2021/10/8,1.523818333,1.546127143,0.02230881,1
2021/10/9,1.518655,1.544893571,0.026238571,1
2021/10/11,1.513481667,1.544012857,0.03053119,1
2021/10/12,1.50952,1.542848571,0.033328571,1
2021/10/13,1.506465,1.541822143,0.035357143,1
2021/10/14,1.50275,1.540793571,0.038043571,1
2021/10/15,1.497868333,1.539623571,0.041755238,1
2021/10/18,1.495345,1.539250714,0.043905714,1
2021/10/19,1.49141,1.538090714,0.046680714,1
2021/10/20,1.486853333,1.536824286,0.049970952,1
2021/10/21,1.480961667,1.53452,0.053558333,1
2021/10/22,1.47582,1.532821429,0.057001429,1
2021/10/25,1.472138333,1.531407143,0.05926881,1
2021/10/26,1.46954,1.529782857,0.060242857,1
2021/10/27,1.467983333,1.528747857,0.060764524,1
2021/10/28,1.46601,1.527367857,0.061357857,1
2021/10/29,1.464161667,1.526162857,0.06200119,1
2021/11/1,1.461943333,1.524444286,0.062500952,1
2021/11/2,1.458221667,1.522612143,0.064390476,1
2021/11/3,1.453291667,1.520902857,0.06761119,1
2021/11/4,1.449528333,1.519675714,0.070147381,1
2021/11/5,1.447223333,1.518989286,0.071765952,1
2021/11/8,1.443753333,1.518112857,0.074359524,1
2021/11/9,1.4412,1.517432857,0.076232857,1
2021/11/10,1.436811667,1.516003571,0.079191905,1
2021/11/11,1.433716667,1.514592857,0.08087619,1
2021/11/12,1.43129,1.513081429,0.081791429,1
2021/11/15,1.427158333,1.51121,0.084051667,1
2021/11/16,1.422735,1.509325714,0.086590714,1
2021/11/17,1.418885,1.507993571,0.089108571,1
2021/11/18,1.415211667,1.506755,0.091543333,1
2021/11/19,1.413171667,1.506392143,0.093220476,1
2021/11/22,1.408463333,1.504827857,0.096364524,1
2021/11/23,1.40371,1.502722857,0.099012857,1
2021/11/24,1.398953333,1.500634286,0.101680952,1
2021/11/25,1.39453,1.498557857,0.104027857,1
2021/11/26,1.391521667,1.497773571,0.106251905,1
2021/11/29,1.387055,1.496594286,0.109539286,1
2021/11/30,1.385045,1.496147143,0.111102143,1
2021/12/1,1.382533333,1.495683571,0.113150238,1
2021/12/2,1.379438333,1.494934286,0.115495952,1
2021/12/3,1.378258333,1.495220714,0.116962381,1
2021/12/6,1.375576667,1.494685714,0.119109048,1
2021/12/7,1.373186667,1.493704286,0.120517619,1
2021/12/8,1.37041,1.492776429,0.122366429,1
2021/12/9,1.367091667,1.492366429,0.125274762,1
2021/12/10,1.364106667,1.491563571,0.127456905,1
2021/12/13,1.362295,1.491636429,0.129341429,1
2021/12/14,1.361648333,1.490745,0.129096667,1
2021/12/15,1.361286667,1.489603571,0.128316905,1
2021/12/16,1.36142,1.488444286,0.127024286,1
2021/12/17,1.362065,1.487273571,0.125208571,1
2021/12/20,1.363505,1.485654286,0.122149286,1
2021/12/21,1.364441667,1.483605714,0.119164048,1
2021/12/22,1.364653333,1.481839286,0.117185952,1
2021/12/23,1.363265,1.479744286,0.116479286,1
2021/12/24,1.362143333,1.478031429,0.115888095,1
2021/12/27,1.362063333,1.475979286,0.113915952,1
2021/12/28,1.361443333,1.473409286,0.111965952,1
2021/12/29,1.360406667,1.470838571,0.110431905,1
2021/12/30,1.359445,1.468250714,0.108805714,1
2021/12/31,1.358558333,1.465894286,0.107335952,1
2022/1/3,1.355181667,1.462698571,0.107516905,1
2022/1/4,1.351011667,1.459718571,0.108706905,1
2022/1/5,1.345956667,1.456105714,0.110149048,1
2022/1/6,1.340163333,1.4525,0.112336667,1
2022/1/7,1.334826667,1.448430714,0.113604048,1
2022/1/10,1.32771,1.444272143,0.116562143,1
2022/1/11,1.322468333,1.440025,0.117556667,1
2022/1/12,1.3176,1.435884286,0.118284286,1
2022/1/13,1.314193333,1.431387143,0.11719381,1
2022/1/14,1.30883,1.426302143,0.117472143,1
2022/1/17,1.303131667,1.421466429,0.118334762,1
2022/1/18,1.29519,1.415973571,0.120783571,1
2022/1/19,1.286245,1.411247143,0.125002143,1
2022/1/20,1.277893333,1.406900714,0.129007381,1
2022/1/21,1.270173333,1.402575,0.132401667,1
2022/1/24,1.262866667,1.397427857,0.13456119,1
2022/1/25,1.2554,1.392318571,0.136918571,1
2022/1/26,1.247501667,1.385935,0.138433333,1
2022/1/27,1.239646667,1.380427857,0.14078119,1
2022/1/28,1.230996667,1.375454286,0.144457619,1
2022/1/29,1.223163333,1.370189286,0.147025952,1
2022/1/30,1.214511667,1.365234286,0.150722619,1
2022/1/31,1.207108333,1.360438571,0.153330238,1
2022/2/1,1.198995,1.354929286,0.155934286,1
2022/2/2,1.191671667,1.349561429,0.157889762,1
2022/2/3,1.184718333,1.344387857,0.159669524,1
2022/2/4,1.175973333,1.338483571,0.162510238,1
2022/2/7,1.167241667,1.332657857,0.16541619,1
2022/2/8,1.157876667,1.326365,0.168488333,1
2022/2/9,1.14792,1.320286429,0.172366429,1
2022/2/10,1.138673333,1.314100714,0.175427381,1
2022/2/11,1.132866667,1.309566429,0.176699762,1
2022/2/14,1.12623,1.304497143,0.178267143,1
2022/2/15,1.118426667,1.298998571,0.180571905,1
2022/2/16,1.108746667,1.293463571,0.184716905,1
2022/2/17,1.100495,1.288558571,0.188063571,1
2022/2/18,1.09187,1.283475,0.191605,1
2022/2/21,1.083535,1.278301429,0.194766429,1
2022/2/22,1.074533333,1.273002143,0.19846881,1
2022/2/23,1.062531667,1.267435,0.204903333,1
2022/2/24,1.053196667,1.261920714,0.208724048,1
2022/2/25,1.043861667,1.256299286,0.212437619,1
2022/2/28,1.03736,1.251497857,0.214137857,1
2022/3/1,1.032691667,1.248071429,0.215379762,1
2022/3/2,1.02594,1.244162857,0.218222857,1
2022/3/3,1.018186667,1.240057143,0.221870476,1
2022/3/4,1.0126,1.236576429,0.223976429,1
2022/3/7,1.006806667,1.232805714,0.225999048,1
2022/3/8,0.999305,1.228681429,0.229376429,1
2022/3/9,0.990328333,1.224324286,0.233995952,1
2022/3/10,0.98111,1.219539286,0.238429286,1
2022/3/11,0.971433333,1.21445,0.243016667,1
2022/3/14,0.959056667,1.208180714,0.249124048,1
2022/3/15,0.94828,1.202375714,0.254095714,1
2022/3/16,0.936361667,1.195837857,0.25947619,1
2022/3/17,0.923941667,1.188799286,0.264857619,1
2022/3/18,0.91298,1.182635714,0.269655714,1
2022/3/21,0.900601667,1.175006429,0.274404762,1
2022/3/22,0.887348333,1.166752143,0.27940381,1
2022/3/23,0.874928333,1.159032857,0.284104524,1
2022/3/24,0.863591667,1.151295,0.287703333,1
2022/3/25,0.85012,1.142785714,0.292665714,1
2022/3/28,0.837383333,1.134418571,0.297035238,1
2022/3/29,0.825463333,1.125944286,0.300480952,1
2022/3/30,0.814833333,1.117934286,0.303100952,1
2022/3/31,0.805536667,1.110247857,0.30471119,1
2022/4/1,0.794513333,1.102660714,0.308147381,1
2022/4/2,0.783275,1.095371429,0.312096429,1
2022/4/4,0.771035,1.087812143,0.316777143,1
2022/4/5,0.758,1.079447143,0.321447143,1
2022/4/6,0.74374,1.070972143,0.327232143,1
2022/4/7,0.730538333,1.062149286,0.331610952,1
2022/4/8,0.716063333,1.052687143,0.33662381,1
2022/4/11,0.700745,1.042547143,0.341802143,1
2022/4/12,0.685586667,1.032996429,0.347409762,1
2022/4/13,0.67122,1.023892857,0.352672857,1
2022/4/14,0.654848333,1.013807143,0.35895881,1
2022/4/15,0.639235,1.004022857,0.364787857,1
2022/4/18,0.623166667,0.994434286,0.371267619,1
2022/4/19,0.605978333,0.984307143,0.37832881,1
2022/4/20,0.59034,0.974557143,0.384217143,1
2022/4/21,0.573776667,0.964201429,0.390424762,1
2022/4/22,0.55763,0.953795,0.396165,1
2022/4/24,0.541693333,0.943047857,0.401354524,1
2022/4/25,0.526465,0.933245714,0.406780714,1
2022/4/26,0.512736667,0.92327,0.410533333,1
2022/4/27,0.50026,0.913705,0.413445,1
2022/4/28,0.48681,0.904067857,0.417257857,1
2022/4/29,0.473241667,0.894485,0.421243333,1
2022/5/2,0.457505,0.883865714,0.426360714,1
2022/5/3,0.443601667,0.873299286,0.429697619,1
2022/5/4,0.427593333,0.863017857,0.435424524,1
2022/5/5,0.4102,0.851161429,0.440961429,1
2022/5/6,0.392875,0.839083571,0.446208571,1
2022/5/7,0.375326667,0.82682,0.451493333,1
2022/5/9,0.357918333,0.815405,0.457486667,1
2022/5/10,0.340275,0.804355,0.46408,1
2022/5/11,0.323675,0.79418,0.470505,1
2022/5/12,0.308433333,0.783961429,0.475528095,1
2022/5/13,0.293166667,0.772839286,0.479672619,1
2022/5/16,0.278401667,0.762484286,0.484082619,1
2022/5/17,0.262281667,0.751048571,0.488766905,1
2022/5/18,0.2447,0.740592857,0.495892857,1
2022/5/19,0.225615,0.730313571,0.504698571,1
2022/5/20,0.209823333,0.720677143,0.51085381,1
2022/5/23,0.192115,0.710752857,0.518637857,1
2022/5/24,0.174323333,0.701542857,0.527219524,1
2022/5/25,0.157238333,0.6921,0.534861667,1
2022/5/26,0.140445,0.682352857,0.541907857,1
2022/5/27,0.124691667,0.672118571,0.547426905,1
2022/5/30,0.109896667,0.663010714,0.553114048,1
2022/5/31,0.094936667,0.653547143,0.558610476,1
2022/6/1,0.081393333,0.643512143,0.56211881,1
2022/6/2,0.0676,0.633691429,0.566091429,1
2022/6/3,0.054181667,0.622692143,0.568510476,1
2022/6/6,0.040015,0.611496429,0.571481429,1
2022/6/7,0.02543,0.599943571,0.574513571,1
2022/6/8,0.01282,0.587986429,0.575166429,1
2022/6/9,0.00061,0.575825714,0.575215714,1
2022/6/10,-0.014516667,0.562129286,0.576645952,1
2022/6/13,-0.03335,0.547469286,0.580819286,1
2022/6/14,-0.050633333,0.532577143,0.583210476,1
2022/6/15,-0.06526,0.519131429,0.584391429,1
2022/6/16,-0.079968333,0.505775714,0.585744048,1
2022/6/17,-0.094886667,0.492651429,0.587538095,1
2022/6/20,-0.110428333,0.479080714,0.589509048,1
2022/6/21,-0.125578333,0.465277857,0.59085619,1
2022/6/22,-0.138313333,0.452685714,0.590999048,1
2022/6/23,-0.149331667,0.440347143,0.58967881,1
2022/6/24,-0.158725,0.42768,0.586405,1
2022/6/27,-0.16735,0.414891429,0.582241429,1
2022/6/28,-0.17465,0.402538571,0.577188571,1
2022/6/29,-0.179708333,0.390817857,0.57052619,1
2022/6/30,-0.182,0.380290714,0.562290714,1
