日期,1日均值,8日均值,,,,月末,差值,结果
2017/1/3,6.9557,6.9512875,2016/12/3,2016/12/03,2016/12,6.9495,-0.0017875,-1
2017/1/4,6.9485,6.951525,2016/12/4,2016/12/04,2016/12,6.9495,-0.002025,-1
2017/1/5,6.8817,6.9430625,2016/12/5,2016/12/05,2016/12,6.9495,0.0064375,1
2017/1/6,6.923,6.939725,2016/12/6,2016/12/06,2016/12,6.9495,0.009775,1
2017/1/9,6.9344,6.9378,2016/12/9,2016/12/09,2016/12,6.9495,0.0117,1
2017/1/10,6.9242,6.9339625,2016/12/10,2016/12/10,2016/12,6.9495,0.0155375,1
2017/1/11,6.9266,6.93045,2016/12/11,2016/12/11,2016/12,6.9495,0.01905,1
2017/1/12,6.9,6.9242625,2016/12/12,2016/12/12,2016/12,6.9495,0.0252375,1
2017/1/13,6.9,6.9173,2016/12/13,2016/12/13,2016/12,6.9495,0.0322,1
2017/1/16,6.8976,6.9109375,2016/12/16,2016/12/16,2016/12,6.9495,0.0385625,1
2017/1/17,6.8728,6.909825,2016/12/17,2016/12/17,2016/12,6.9495,0.039675,1
2017/1/18,6.8342,6.898725,2016/12/18,2016/12/18,2016/12,6.9495,0.050775,1
2017/1/19,6.876,6.891425,2016/12/19,2016/12/19,2016/12,6.9495,0.058075,1
2017/1/20,6.8752,6.8853,2016/12/20,2016/12/20,2016/12,6.9495,0.0642,1
2017/1/23,6.8552,6.876375,2016/12/23,2016/12/23,2016/12,6.9495,0.073125,1
2017/1/24,6.857,6.871,2016/12/24,2016/12/24,2016/12,6.9495,0.0785,1
2017/1/25,6.8796,6.86845,2016/12/25,2016/12/25,2016/12,6.9495,0.08105,1
2017/1/26,6.878,6.866,2016/12/26,2016/12/26,2016/12,6.9495,0.0835,1
2017/2/3,6.874,6.86615,2017/1/3,2017/01/03,2017/01,6.878,0.01185,1
2017/2/6,6.8637,6.8698375,2017/1/6,2017/01/06,2017/01,6.878,0.0081625,1
2017/2/7,6.8815,6.870525,2017/1/7,2017/01/07,2017/01,6.878,0.007475,1
2017/2/8,6.878,6.870875,2017/1/8,2017/01/08,2017/01,6.878,0.007125,1
2017/2/9,6.8672,6.872375,2017/1/9,2017/01/09,2017/01,6.878,0.005625,1
2017/2/10,6.8814,6.875425,2017/1/10,2017/01/10,2017/01,6.878,0.002575,1
2017/2/13,6.8793,6.8753875,2017/1/13,2017/01/13,2017/01,6.878,0.0026125,1
2017/2/14,6.8674,6.8740625,2017/1/14,2017/01/14,2017/01,6.878,0.0039375,1
2017/2/15,6.8672,6.8732125,2017/1/15,2017/01/15,2017/01,6.878,0.0047875,1
2017/2/16,6.8585,6.8725625,2017/1/16,2017/01/16,2017/01,6.878,0.0054375,1
2017/2/17,6.8709,6.8712375,2017/1/17,2017/01/17,2017/01,6.878,0.0067625,1
2017/2/20,6.8782,6.8712625,2017/1/20,2017/01/20,2017/01,6.878,0.0067375,1
2017/2/21,6.8826,6.8731875,2017/1/21,2017/01/21,2017/01,6.878,0.0048125,1
2017/2/22,6.878,6.8727625,2017/1/22,2017/01/22,2017/01,6.878,0.0052375,1
2017/2/23,6.8774,6.872525,2017/1/23,2017/01/23,2017/01,6.878,0.005475,1
2017/2/24,6.8718,6.873075,2017/1/24,2017/01/24,2017/01,6.878,0.004925,1
2017/2/27,6.8714,6.8736,2017/1/27,2017/01/27,2017/01,6.878,0.0044,1
2017/2/28,6.8689,6.8749,2017/1/28,2017/01/28,2017/01,6.878,0.0031,1
2017/3/1,6.88,6.8760375,2017/2/1,2017/02/01,2017/02,6.8689,-0.0071375,-1
2017/3/2,6.882,6.8765125,2017/2/2,2017/02/02,2017/02,6.8689,-0.0076125,-1
2017/3/3,6.898,6.8784375,2017/2/3,2017/02/03,2017/02,6.8689,-0.0095375,-1
2017/3/6,6.8929,6.8803,2017/2/6,2017/02/06,2017/02,6.8689,-0.0114,-1
2017/3/7,6.8987,6.8829625,2017/2/7,2017/02/07,2017/02,6.8689,-0.0140625,-1
2017/3/8,6.907,6.8873625,2017/2/8,2017/02/08,2017/02,6.8689,-0.0184625,-1
2017/3/9,6.9085,6.892,2017/2/9,2017/02/09,2017/02,6.8689,-0.0231,-1
2017/3/10,6.9157,6.89785,2017/2/10,2017/02/10,2017/02,6.8689,-0.02895,-1
2017/3/13,6.9092,6.9015,2017/2/13,2017/02/13,2017/02,6.8689,-0.0326,-1
2017/3/14,6.9131,6.9053875,2017/2/14,2017/02/14,2017/02,6.8689,-0.0364875,-1
2017/3/15,6.9121,6.90715,2017/2/15,2017/02/15,2017/02,6.8689,-0.03825,-1
2017/3/16,6.8978,6.9077625,2017/2/16,2017/02/16,2017/02,6.8689,-0.0388625,-1
2017/3/17,6.9085,6.9089875,2017/2/17,2017/02/17,2017/02,6.8689,-0.0400875,-1
2017/3/20,6.9043,6.90865,2017/2/20,2017/02/20,2017/02,6.8689,-0.03975,-1
2017/3/21,6.8977,6.9073,2017/2/21,2017/02/21,2017/02,6.8689,-0.0384,-1
2017/3/22,6.8871,6.903725,2017/2/22,2017/02/22,2017/02,6.8689,-0.034825,-1
2017/3/23,6.8875,6.9010125,2017/2/23,2017/02/23,2017/02,6.8689,-0.0321125,-1
2017/3/24,6.8876,6.897825,2017/2/24,2017/02/24,2017/02,6.8689,-0.028925,-1
2017/3/27,6.8764,6.8933625,2017/2/27,2017/02/27,2017/02,6.8689,-0.0244625,-1
2017/3/28,6.8858,6.8918625,2017/2/28,2017/02/28,2017/02,6.8689,-0.0229625,-1
2017/3/29,6.8897,6.8895125,2017/3/1,2017/03/01,2017/03,6.8915,0.0019875,1
2017/3/30,6.8905,6.8877875,2017/3/2,2017/03/02,2017/03,6.8915,0.0037125,1
2017/3/31,6.8915,6.8870125,2017/3/3,2017/03/03,2017/03,6.8915,0.0044875,1
2017/4/5,6.8965,6.8881875,2017/3/5,2017/03/05,2017/03,6.8915,0.0033125,1
2017/4/6,6.901,6.889875,2017/3/6,2017/03/06,2017/03,6.8915,0.001625,1
2017/4/7,6.8993,6.8913375,2017/3/7,2017/03/07,2017/03,6.8915,0.0001625,1
2017/4/10,6.9052,6.8949375,2017/3/10,2017/03/10,2017/03,6.8915,-0.0034375,-1
2017/4/11,6.903,6.8970875,2017/3/11,2017/03/11,2017/03,6.8915,-0.0055875,-1
2017/4/12,6.8922,6.8974,2017/3/12,2017/03/12,2017/03,6.8915,-0.0059,-1
2017/4/13,6.8825,6.8964,2017/3/13,2017/03/13,2017/03,6.8915,-0.0049,-1
2017/4/14,6.8869,6.895825,2017/3/14,2017/03/14,2017/03,6.8915,-0.004325,-1
2017/4/17,6.8876,6.8947125,2017/3/17,2017/03/17,2017/03,6.8915,-0.0032125,-1
2017/4/18,6.8852,6.8927375,2017/3/18,2017/03/18,2017/03,6.8915,-0.0012375,-1
2017/4/19,6.8873,6.8912375,2017/3/19,2017/03/19,2017/03,6.8915,0.0002625,1
2017/4/20,6.8835,6.888525,2017/3/20,2017/03/20,2017/03,6.8915,0.002975,1
2017/4/21,6.8838,6.886125,2017/3/21,2017/03/21,2017/03,6.8915,0.005375,1
2017/4/24,6.8864,6.8854,2017/3/24,2017/03/24,2017/03,6.8915,0.0061,1
2017/4/25,6.8863,6.885875,2017/3/25,2017/03/25,2017/03,6.8915,0.005625,1
2017/4/26,6.8908,6.8863625,2017/3/26,2017/03/26,2017/03,6.8915,0.0051375,1
2017/4/27,6.8922,6.8869375,2017/3/27,2017/03/27,2017/03,6.8915,0.0045625,1
2017/4/28,6.8973,6.88845,2017/3/28,2017/03/28,2017/03,6.8915,0.00305,1
2017/5/2,6.8965,6.8896,2017/4/2,2017/04/02,2017/04,6.8973,0.0077,1
2017/5/3,6.8917,6.890625,2017/4/3,2017/04/03,2017/04,6.8973,0.006675,1
2017/5/4,6.8968,6.89225,2017/4/4,2017/04/04,2017/04,6.8973,0.00505,1
2017/5/5,6.9,6.89395,2017/4/5,2017/04/05,2017/04,6.8973,0.00335,1
2017/5/8,6.9033,6.896075,2017/4/8,2017/04/08,2017/04,6.8973,0.001225,1
2017/5/9,6.9057,6.8979375,2017/4/9,2017/04/09,2017/04,6.8973,-0.0006375,-1
2017/5/10,6.904,6.8994125,2017/4/10,2017/04/10,2017/04,6.8973,-0.0021125,-1
2017/5/11,6.9035,6.9001875,2017/4/11,2017/04/11,2017/04,6.8973,-0.0028875,-1
2017/5/12,6.9027,6.9009625,2017/4/12,2017/04/12,2017/04,6.8973,-0.0036625,-1
2017/5/15,6.8976,6.9017,2017/4/15,2017/04/15,2017/04,6.8973,-0.0044,-1
2017/5/16,6.8897,6.9008125,2017/4/16,2017/04/16,2017/04,6.8973,-0.0035125,-1
2017/5/17,6.891,6.8996875,2017/4/17,2017/04/17,2017/04,6.8973,-0.0023875,-1
2017/5/18,6.8903,6.8980625,2017/4/18,2017/04/18,2017/04,6.8973,-0.0007625,-1
2017/5/19,6.8926,6.896425,2017/4/19,2017/04/19,2017/04,6.8973,0.000875,1
2017/5/22,6.8924,6.894975,2017/4/22,2017/04/22,2017/04,6.8973,0.002325,1
2017/5/23,6.8897,6.89325,2017/4/23,2017/04/23,2017/04,6.8973,0.00405,1
2017/5/24,6.8909,6.891775,2017/4/24,2017/04/24,2017/04,6.8973,0.005525,1
2017/5/25,6.8678,6.88805,2017/4/25,2017/04/25,2017/04,6.8973,0.00925,1
2017/5/26,6.861,6.8844625,2017/4/26,2017/04/26,2017/04,6.8973,0.0128375,1
2017/5/31,6.821,6.8757125,2017/5/1,2017/05/01,2017/05,6.821,-0.0547125,-1
2017/6/1,6.8061,6.8651875,2017/5/1,2017/05/01,2017/05,6.821,-0.0441875,-1
2017/6/2,6.8162,6.8556375,2017/5/2,2017/05/02,2017/05,6.821,-0.0346375,-1
2017/6/5,6.8014,6.8442625,2017/5/5,2017/05/05,2017/05,6.821,-0.0232625,-1
2017/6/6,6.7968,6.83265,2017/5/6,2017/05/06,2017/05,6.821,-0.01165,-1
2017/6/7,6.794,6.8205375,2017/5/7,2017/05/07,2017/05,6.821,0.0004625,1
2017/6/8,6.7938,6.8112875,2017/5/8,2017/05/08,2017/05,6.821,0.0097125,1
2017/6/9,6.7988,6.8035125,2017/5/9,2017/05/09,2017/05,6.821,0.0174875,1
2017/6/12,6.7981,6.80065,2017/5/12,2017/05/12,2017/05,6.821,0.02035,1
2017/6/13,6.7981,6.79965,2017/5/13,2017/05/13,2017/05,6.821,0.02135,1
2017/6/14,6.797,6.79725,2017/5/14,2017/05/14,2017/05,6.821,0.02375,1
2017/6/15,6.7975,6.7967625,2017/5/15,2017/05/15,2017/05,6.821,0.0242375,1
2017/6/16,6.8139,6.7989,2017/5/16,2017/05/16,2017/05,6.821,0.0221,1
2017/6/19,6.817,6.801775,2017/5/19,2017/05/19,2017/05,6.821,0.019225,1
2017/6/20,6.8265,6.8058625,2017/5/20,2017/05/20,2017/05,6.821,0.0151375,1
2017/6/21,6.829,6.8096375,2017/5/21,2017/05/21,2017/05,6.821,0.0113625,1
2017/6/22,6.8307,6.8137125,2017/5/22,2017/05/22,2017/05,6.821,0.0072875,1
2017/6/23,6.8387,6.8187875,2017/5/23,2017/05/23,2017/05,6.821,0.0022125,1
2017/6/26,6.8378,6.8238875,2017/5/26,2017/05/26,2017/05,6.821,-0.0028875,-1
2017/6/27,6.8101,6.8254625,2017/5/27,2017/05/27,2017/05,6.821,-0.0044625,-1
2017/6/28,6.7992,6.823625,2017/5/28,2017/05/28,2017/05,6.821,-0.002625,-1
2017/6/29,6.7787,6.8188375,2017/5/29,2017/05/29,2017/05,6.821,0.0021625,1
2017/6/30,6.7796,6.812975,2017/5/30,2017/05/30,2017/05,6.821,0.008025,1
2017/7/3,6.7897,6.8080625,2017/6/3,2017/06/03,2017/06,6.7796,-0.0284625,-1
2017/7/4,6.7999,6.8042125,2017/6/4,2017/06/04,2017/06,6.7796,-0.0246125,-1
2017/7/5,6.7993,6.7992875,2017/6/5,2017/06/05,2017/06,6.7796,-0.0196875,-1
2017/7/6,6.8037,6.795025,2017/6/6,2017/06/06,2017/06,6.7796,-0.015425,-1
2017/7/7,6.7995,6.7937,2017/6/7,2017/06/07,2017/06,6.7796,-0.0141,-1
2017/7/10,6.8019,6.7940375,2017/6/10,2017/06/10,2017/06,6.7796,-0.0144375,-1
2017/7/11,6.8,6.7967,2017/6/11,2017/06/11,2017/06,6.7796,-0.0171,-1
2017/7/12,6.7875,6.7976875,2017/6/12,2017/06/12,2017/06,6.7796,-0.0180875,-1
2017/7/13,6.7817,6.7966875,2017/6/13,2017/06/13,2017/06,6.7796,-0.0170875,-1
2017/7/14,6.7741,6.7934625,2017/6/14,2017/06/14,2017/06,6.7796,-0.0138625,-1
2017/7/17,6.7699,6.7897875,2017/6/17,2017/06/17,2017/06,6.7796,-0.0101875,-1
2017/7/18,6.758,6.784075,2017/6/18,2017/06/18,2017/06,6.7796,-0.004475,-1
2017/7/19,6.7556,6.7785875,2017/6/19,2017/06/19,2017/06,6.7796,0.0010125,1
2017/7/20,6.7688,6.77445,2017/6/20,2017/06/20,2017/06,6.7796,0.00515,1
2017/7/21,6.7681,6.7704625,2017/6/21,2017/06/21,2017/06,6.7796,0.0091375,1
2017/7/24,6.7505,6.7658375,2017/6/24,2017/06/24,2017/06,6.7796,0.0137625,1
2017/7/25,6.7512,6.762025,2017/6/25,2017/06/25,2017/06,6.7796,0.017575,1
2017/7/26,6.7545,6.759575,2017/6/26,2017/06/26,2017/06,6.7796,0.020025,1
2017/7/27,6.7376,6.7555375,2017/6/27,2017/06/27,2017/06,6.7796,0.0240625,1
2017/7/28,6.7429,6.75365,2017/6/28,2017/06/28,2017/06,6.7796,0.02595,1
2017/7/31,6.729,6.750325,2017/7/1,2017/07/01,2017/07,6.729,-0.021325,-1
2017/8/1,6.7194,6.74415,2017/7/1,2017/07/01,2017/07,6.729,-0.01515,-1
2017/8/2,6.7219,6.738375,2017/7/2,2017/07/02,2017/07,6.729,-0.009375,-1
2017/8/3,6.7233,6.734975,2017/7/3,2017/07/03,2017/07,6.729,-0.005975,-1
2017/8/4,6.7181,6.7308375,2017/7/4,2017/07/04,2017/07,6.729,-0.0018375,-1
2017/8/7,6.7182,6.7263,2017/7/7,2017/07/07,2017/07,6.729,0.0027,1
2017/8/8,6.7035,6.7220375,2017/7/8,2017/07/08,2017/07,6.729,0.0069625,1
2017/8/9,6.6776,6.713875,2017/7/9,2017/07/09,2017/07,6.729,0.015125,1
2017/8/10,6.661,6.705375,2017/7/10,2017/07/10,2017/07,6.729,0.023625,1
2017/8/11,6.6668,6.6988,2017/7/11,2017/07/11,2017/07,6.729,0.0302,1
2017/8/14,6.6687,6.69215,2017/7/14,2017/07/14,2017/07,6.729,0.03685,1
2017/8/15,6.6771,6.686375,2017/7/15,2017/07/15,2017/07,6.729,0.042625,1
2017/8/16,6.6955,6.68355,2017/7/16,2017/07/16,2017/07,6.729,0.04545,1
2017/8/17,6.6731,6.6779125,2017/7/17,2017/07/17,2017/07,6.729,0.0510875,1
2017/8/18,6.6785,6.6747875,2017/7/18,2017/07/18,2017/07,6.729,0.0542125,1
2017/8/21,6.6702,6.6738625,2017/7/21,2017/07/21,2017/07,6.729,0.0551375,1
2017/8/22,6.6605,6.6738,2017/7/22,2017/07/22,2017/07,6.729,0.0552,1
2017/8/23,6.6636,6.6734,2017/7/23,2017/07/23,2017/07,6.729,0.0556,1
2017/8/24,6.66,6.6723125,2017/7/24,2017/07/24,2017/07,6.729,0.0566875,1
2017/8/25,6.6645,6.6707375,2017/7/25,2017/07/25,2017/07,6.729,0.0582625,1
2017/8/28,6.6323,6.6628375,2017/7/28,2017/07/28,2017/07,6.729,0.0661625,1
2017/8/29,6.5975,6.6533875,2017/7/29,2017/07/29,2017/07,6.729,0.0756125,1
2017/8/30,6.5927,6.6426625,2017/7/30,2017/07/30,2017/07,6.729,0.0863375,1
2017/8/31,6.5969,6.6335,2017/7/31,2017/07/31,2017/07,6.729,0.0955,1
2017/9/1,6.5679,6.621925,2017/8/1,2017/08/01,2017/08,6.5969,-0.025025,-1
2017/9/4,6.52,6.603975,2017/8/4,2017/08/04,2017/08,6.5969,-0.007075,-1
2017/9/5,6.5516,6.590425,2017/8/5,2017/08/05,2017/08,6.5969,0.006475,1
2017/9/6,6.5246,6.5729375,2017/8/6,2017/08/06,2017/08,6.5969,0.0239625,1
2017/9/7,6.4972,6.55605,2017/8/7,2017/08/07,2017/08,6.5969,0.04085,1
2017/9/8,6.4617,6.539075,2017/8/8,2017/08/08,2017/08,6.5969,0.057825,1
2017/9/11,6.5239,6.530475,2017/8/11,2017/08/11,2017/08,6.5969,0.066425,1
2017/9/12,6.535,6.5227375,2017/8/12,2017/08/12,2017/08,6.5969,0.0741625,1
2017/9/13,6.5309,6.5181125,2017/8/13,2017/08/13,2017/08,6.5969,0.0787875,1
2017/9/14,6.5543,6.5224,2017/8/14,2017/08/14,2017/08,6.5969,0.0745,1
2017/9/15,6.5442,6.521475,2017/8/15,2017/08/15,2017/08,6.5969,0.075425,1
2017/9/18,6.5618,6.526125,2017/8/18,2017/08/18,2017/08,6.5969,0.070775,1
2017/9/19,6.5859,6.5372125,2017/8/19,2017/08/19,2017/08,6.5969,0.0596875,1
2017/9/20,6.5742,6.551275,2017/8/20,2017/08/20,2017/08,6.5969,0.045625,1
2017/9/21,6.5934,6.5599625,2017/8/21,2017/08/21,2017/08,6.5969,0.0369375,1
2017/9/22,6.5922,6.5671125,2017/8/22,2017/08/22,2017/08,6.5969,0.0297875,1
2017/9/25,6.6205,6.5783125,2017/8/25,2017/08/25,2017/08,6.5969,0.0185875,1
2017/9/26,6.6305,6.5878375,2017/8/26,2017/08/26,2017/08,6.5969,0.0090625,1
2017/9/27,6.635,6.5991875,2017/8/27,2017/08/27,2017/08,6.5969,-0.0022875,-1
2017/9/28,6.6699,6.6127,2017/8/28,2017/08/28,2017/08,6.5969,-0.0158,-1
2017/9/29,6.647,6.6203375,2017/8/29,2017/08/29,2017/08,6.5969,-0.0234375,-1
2017/10/9,6.6285,6.627125,2017/9/9,2017/09/09,2017/09,6.647,0.019875,1
2017/10/10,6.5861,6.6262125,2017/9/10,2017/09/10,2017/09,6.647,0.0207875,1
2017/10/11,6.5887,6.625775,2017/9/11,2017/09/11,2017/09,6.647,0.021225,1
2017/10/12,6.5888,6.6218125,2017/9/12,2017/09/12,2017/09,6.647,0.0251875,1
2017/10/13,6.5868,6.61635,2017/9/13,2017/09/13,2017/09,6.647,0.03065,1
2017/10/16,6.5912,6.610875,2017/9/16,2017/09/16,2017/09,6.647,0.036125,1
2017/10/17,6.616,6.6041375,2017/9/17,2017/09/17,2017/09,6.647,0.0428625,1
2017/10/18,6.6205,6.600825,2017/9/18,2017/09/18,2017/09,6.647,0.046175,1
2017/10/19,6.6277,6.600725,2017/9/19,2017/09/19,2017/09,6.647,0.046275,1
2017/10/20,6.62,6.6049625,2017/9/20,2017/09/20,2017/09,6.647,0.0420375,1
2017/10/23,6.6398,6.61135,2017/9/23,2017/09/23,2017/09,6.647,0.03565,1
2017/10/24,6.6332,6.6169,2017/9/24,2017/09/24,2017/09,6.647,0.0301,1
2017/10/25,6.6408,6.62365,2017/9/25,2017/09/25,2017/09,6.647,0.02335,1
2017/10/26,6.6357,6.6292125,2017/9/26,2017/09/26,2017/09,6.647,0.0177875,1
2017/10/27,6.6528,6.6338125,2017/9/27,2017/09/27,2017/09,6.647,0.0131875,1
2017/10/30,6.6476,6.6372,2017/9/30,2017/09/30,2017/09,6.647,0.0098,1
2017/10/31,6.6272,6.6371375,2017/10/1,2017/10/01,2017/10,6.6272,-0.0099375,-1
2017/11/1,6.6161,6.63665,2017/10/1,2017/10/01,2017/10,6.6272,-0.00945,-1
2017/11/2,6.6063,6.6324625,2017/10/2,2017/10/02,2017/10,6.6272,-0.0052625,-1
2017/11/3,6.6295,6.632,2017/10/3,2017/10/03,2017/10,6.6272,-0.0048,-1
2017/11/6,6.6339,6.6311375,2017/10/6,2017/10/06,2017/10,6.6272,-0.0039375,-1
2017/11/7,6.6324,6.630725,2017/10/7,2017/10/07,2017/10,6.6272,-0.003525,-1
2017/11/8,6.6343,6.6284125,2017/10/8,2017/10/08,2017/10,6.6272,-0.0012125,-1
2017/11/9,6.6391,6.62735,2017/10/9,2017/10/09,2017/10,6.6272,-0.00015,-1
2017/11/10,6.64,6.62895,2017/10/10,2017/10/10,2017/10,6.6272,-0.00175,-1
2017/11/13,6.6422,6.6322125,2017/10/13,2017/10/13,2017/10,6.6272,-0.0050125,-1
2017/11/14,6.6431,6.6368125,2017/10/14,2017/10/14,2017/10,6.6272,-0.0096125,-1
2017/11/15,6.6298,6.63685,2017/10/15,2017/10/15,2017/10,6.6272,-0.00965,-1
2017/11/16,6.6327,6.6367,2017/10/16,2017/10/16,2017/10,6.6272,-0.0095,-1
2017/11/17,6.6353,6.6370625,2017/10/17,2017/10/17,2017/10,6.6272,-0.0098625,-1
2017/11/20,6.63,6.636525,2017/10/20,2017/10/20,2017/10,6.6272,-0.009325,-1
2017/11/21,6.6337,6.63585,2017/10/21,2017/10/21,2017/10,6.6272,-0.00865,-1
2017/11/22,6.6159,6.6328375,2017/10/22,2017/10/22,2017/10,6.6272,-0.0056375,-1
2017/11/23,6.5823,6.62535,2017/10/23,2017/10/23,2017/10,6.6272,0.00185,1
2017/11/24,6.6037,6.620425,2017/10/24,2017/10/24,2017/10,6.6272,0.006775,1
2017/11/27,6.5979,6.6164375,2017/10/27,2017/10/27,2017/10,6.6272,0.0107625,1
2017/11/28,6.5949,6.6117125,2017/10/28,2017/10/28,2017/10,6.6272,0.0154875,1
2017/11/29,6.5988,6.60715,2017/10/29,2017/10/29,2017/10,6.6272,0.02005,1
2017/11/30,6.6107,6.6047375,2017/10/30,2017/10/30,2017/10,6.6272,0.0224625,1
2017/12/1,6.6065,6.6013375,2017/11/1,2017/11/01,2017/11,6.6107,0.0093625,1
2017/12/4,6.6187,6.6016875,2017/11/4,2017/11/04,2017/11,6.6107,0.0090125,1
2017/12/5,6.6131,6.6055375,2017/11/5,2017/11/05,2017/11,6.6107,0.0051625,1
2017/12/6,6.615,6.60695,2017/11/6,2017/11/06,2017/11,6.6107,0.00375,1
2017/12/7,6.6155,6.60915,2017/11/7,2017/11/07,2017/11,6.6107,0.00155,1
2017/12/8,6.6175,6.611975,2017/11/8,2017/11/08,2017/11,6.6107,-0.001275,-1
2017/12/11,6.6173,6.6142875,2017/11/11,2017/11/11,2017/11,6.6107,-0.0035875,-1
2017/12/12,6.6212,6.6156,2017/11/12,2017/11/12,2017/11,6.6107,-0.0049,-1
2017/12/13,6.6203,6.617325,2017/11/13,2017/11/13,2017/11,6.6107,-0.006625,-1
2017/12/14,6.6088,6.6160875,2017/11/14,2017/11/14,2017/11,6.6107,-0.0053875,-1
2017/12/15,6.6084,6.6155,2017/11/15,2017/11/15,2017/11,6.6107,-0.0048,-1
2017/12/18,6.617,6.61575,2017/11/18,2017/11/18,2017/11,6.6107,-0.00505,-1
2017/12/19,6.6075,6.61475,2017/11/19,2017/11/19,2017/11,6.6107,-0.00405,-1
2017/12/20,6.5798,6.6100375,2017/11/20,2017/11/20,2017/11,6.6107,0.0006625,1
2017/12/21,6.5858,6.6061,2017/11/21,2017/11/21,2017/11,6.6107,0.0046,1
2017/12/22,6.5687,6.5995375,2017/11/22,2017/11/22,2017/11,6.6107,0.0111625,1
2017/12/25,6.5404,6.58955,2017/11/25,2017/11/25,2017/11,6.6107,0.02115,1
2017/12/26,6.544,6.58145,2017/11/26,2017/11/26,2017/11,6.6107,0.02925,1
2017/12/27,6.5555,6.5748375,2017/11/27,2017/11/27,2017/11,6.6107,0.0358625,1
2017/12/28,6.5348,6.5645625,2017/11/28,2017/11/28,2017/11,6.6107,0.0461375,1
2017/12/29,6.512,6.552625,2017/11/29,2017/11/29,2017/11,6.6107,0.058075,1
2018/1/2,6.4967,6.5422375,2017/12/2,2017/12/02,2017/12,6.512,-0.0302375,-1
2018/1/3,6.5017,6.531725,2017/12/3,2017/12/03,2017/12,6.512,-0.019725,-1
2018/1/4,6.4968,6.5227375,2017/12/4,2017/12/04,2017/12,6.512,-0.0107375,-1
2018/1/5,6.4851,6.515825,2017/12/5,2017/12/05,2017/12,6.512,-0.003825,-1
2018/1/8,6.4956,6.509775,2017/12/8,2017/12/08,2017/12,6.512,0.002225,1
2018/1/9,6.5207,6.505425,2017/12/9,2017/12/09,2017/12,6.512,0.006575,1
2018/1/10,6.5179,6.5033125,2017/12/10,2017/12/10,2017/12,6.512,0.0086875,1
2018/1/11,6.5088,6.5029125,2017/12/11,2017/12/11,2017/12,6.512,0.0090875,1
2018/1/12,6.468,6.499325,2017/12/12,2017/12/12,2017/12,6.512,0.012675,1
2018/1/15,6.4417,6.491825,2017/12/15,2017/12/15,2017/12,6.512,0.020175,1
2018/1/16,6.4366,6.4843,2017/12/16,2017/12/16,2017/12,6.512,0.0277,1
2018/1/17,6.4325,6.477725,2017/12/17,2017/12/17,2017/12,6.512,0.034275,1
2018/1/18,6.4255,6.4689625,2017/12/18,2017/12/18,2017/12,6.512,0.0430375,1
2018/1/19,6.404,6.454375,2017/12/19,2017/12/19,2017/12,6.512,0.057625,1
2018/1/22,6.4036,6.4400875,2017/12/22,2017/12/22,2017/12,6.512,0.0719125,1
2018/1/23,6.4042,6.4270125,2017/12/23,2017/12/23,2017/12,6.512,0.0849875,1
2018/1/24,6.3875,6.41695,2017/12/24,2017/12/24,2017/12,6.512,0.09505,1
2018/1/25,6.335,6.4036125,2017/12/25,2017/12/25,2017/12,6.512,0.1083875,1
2018/1/26,6.3227,6.389375,2017/12/26,2017/12/26,2017/12,6.512,0.122625,1
2018/1/29,6.3266,6.3761375,2017/12/29,2017/12/29,2017/12,6.512,0.1358625,1
2018/1/30,6.3415,6.3656375,2017/12/30,2017/12/30,2017/12,6.512,0.1463625,1
2018/1/31,6.292,6.3516375,2017/12/31,2017/12/31,2017/12,6.512,0.1603625,1
2018/2/1,6.296,6.3381875,2018/1/1,2018/01/01,2018/01,6.292,-0.0461875,-1
2018/2/2,6.2798,6.3226375,2018/1/2,2018/01/02,2018/01,6.292,-0.0306375,-1
2018/2/5,6.2927,6.3107875,2018/1/5,2018/01/05,2018/01,6.292,-0.0187875,-1
2018/2/6,6.2783,6.3037,2018/1/6,2018/01/06,2018/01,6.292,-0.0117,-1
2018/2/7,6.2596,6.2958125,2018/1/7,2018/01/07,2018/01,6.292,-0.0038125,-1
2018/2/8,6.326,6.2957375,2018/1/8,2018/01/08,2018/01,6.292,-0.0037375,-1
2018/2/9,6.3004,6.2906,2018/1/9,2018/01/09,2018/01,6.292,0.0014,1
2018/2/12,6.329,6.295225,2018/1/12,2018/01/12,2018/01,6.292,-0.003225,-1
2018/2/13,6.344,6.301225,2018/1/13,2018/01/13,2018/01,6.292,-0.009225,-1
2018/2/14,6.3441,6.3092625,2018/1/14,2018/01/14,2018/01,6.292,-0.0172625,-1
2018/2/22,6.3605,6.3177375,2018/1/22,2018/01/22,2018/01,6.292,-0.0257375,-1
2018/2/23,6.338,6.3252,2018/1/23,2018/01/23,2018/01,6.292,-0.0332,-1
2018/2/26,6.307,6.331125,2018/1/26,2018/01/26,2018/01,6.292,-0.039125,-1
2018/2/27,6.3064,6.328675,2018/1/27,2018/01/27,2018/01,6.292,-0.036675,-1
2018/2/28,6.3335,6.3328125,2018/1/28,2018/01/28,2018/01,6.292,-0.0408125,-1
2018/3/1,6.343,6.3345625,2018/2/1,2018/02/01,2018/02,6.3335,-0.0010625,-1
2018/3/2,6.3472,6.3349625,2018/2/2,2018/02/02,2018/02,6.3335,-0.0014625,-1
2018/3/5,6.3406,6.334525,2018/2/5,2018/02/05,2018/02,6.3335,-0.001025,-1
2018/3/6,6.3401,6.331975,2018/2/6,2018/02/06,2018/02,6.3335,0.001525,1
2018/3/7,6.3229,6.3300875,2018/2/7,2018/02/07,2018/02,6.3335,0.0034125,1
2018/3/8,6.3321,6.333225,2018/2/8,2018/02/08,2018/02,6.3335,0.000275,1
2018/3/9,6.337,6.33705,2018/2/9,2018/02/09,2018/02,6.3335,-0.00355,-1
2018/3/12,6.3236,6.3358125,2018/2/12,2018/02/12,2018/02,6.3335,-0.0023125,-1
2018/3/13,6.3294,6.3341125,2018/2/13,2018/02/13,2018/02,6.3335,-0.0006125,-1
2018/3/14,6.3162,6.3302375,2018/2/14,2018/02/14,2018/02,6.3335,0.0032625,1
2018/3/15,6.3221,6.327925,2018/2/15,2018/02/15,2018/02,6.3335,0.005575,1
2018/3/16,6.3247,6.326,2018/2/16,2018/02/16,2018/02,6.3335,0.0075,1
2018/3/19,6.3322,6.3271625,2018/2/19,2018/02/19,2018/02,6.3335,0.0063375,1
2018/3/20,6.3301,6.3269125,2018/2/20,2018/02/20,2018/02,6.3335,0.0065875,1
2018/3/21,6.3315,6.326225,2018/2/21,2018/02/21,2018/02,6.3335,0.007275,1
2018/3/22,6.3212,6.325925,2018/2/22,2018/02/22,2018/02,6.3335,0.007575,1
2018/3/23,6.324,6.32525,2018/2/23,2018/02/23,2018/02,6.3335,0.00825,1
2018/3/26,6.2849,6.3213375,2018/2/26,2018/02/26,2018/02,6.3335,0.0121625,1
2018/3/27,6.2728,6.315175,2018/2/27,2018/02/27,2018/02,6.3335,0.018325,1
2018/3/28,6.2884,6.3106375,2018/2/28,2018/02/28,2018/02,6.3335,0.0228625,1
2018/3/29,6.2904,6.3054125,2018/3/1,2018/03/01,2018/03,6.2733,-0.0321125,-1
2018/3/30,6.2733,6.2983125,2018/3/2,2018/03/02,2018/03,6.2733,-0.0250125,-1
2018/4/2,6.2803,6.2919125,2018/3/2,2018/03/02,2018/03,6.2733,-0.0186125,-1
2018/4/3,6.2844,6.2873125,2018/3/3,2018/03/03,2018/03,6.2733,-0.0140125,-1
2018/4/4,6.2999,6.2843,2018/3/4,2018/03/04,2018/03,6.2733,-0.011,-1
2018/4/9,6.3107,6.287525,2018/3/9,2018/03/09,2018/03,6.2733,-0.014225,-1
2018/4/10,6.2962,6.29045,2018/3/10,2018/03/10,2018/03,6.2733,-0.01715,-1
2018/4/11,6.286,6.29015,2018/3/11,2018/03/11,2018/03,6.2733,-0.01685,-1
2018/4/12,6.2814,6.289025,2018/3/12,2018/03/12,2018/03,6.2733,-0.015725,-1
2018/4/13,6.2825,6.290175,2018/3/13,2018/03/13,2018/03,6.2733,-0.016875,-1
2018/4/16,6.2811,6.290275,2018/3/16,2018/03/16,2018/03,6.2733,-0.016975,-1
2018/4/17,6.2764,6.289275,2018/3/17,2018/03/17,2018/03,6.2733,-0.015975,-1
2018/4/18,6.2854,6.2874625,2018/3/18,2018/03/18,2018/03,6.2733,-0.0141625,-1
2018/4/19,6.2778,6.28335,2018/3/19,2018/03/19,2018/03,6.2733,-0.01005,-1
2018/4/20,6.2898,6.28255,2018/3/20,2018/03/20,2018/03,6.2733,-0.00925,-1
2018/4/23,6.3044,6.28485,2018/3/23,2018/03/23,2018/03,6.2733,-0.01155,-1
2018/4/24,6.3092,6.288325,2018/3/24,2018/03/24,2018/03,6.2733,-0.015025,-1
2018/4/25,6.3204,6.2930625,2018/3/25,2018/03/25,2018/03,6.2733,-0.0197625,-1
2018/4/26,6.33,6.299175,2018/3/26,2018/03/26,2018/03,6.2733,-0.025875,-1
2018/4/27,6.3439,6.3076125,2018/3/27,2018/03/27,2018/03,6.2733,-0.0343125,-1
2018/5/2,6.3602,6.3169625,2018/4/2,2018/04/02,2018/04,6.3439,0.0269375,1
2018/5/3,6.3532,6.3263875,2018/4/3,2018/04/03,2018/04,6.3439,0.0175125,1
2018/5/4,6.3589,6.335025,2018/4/4,2018/04/04,2018/04,6.3439,0.008875,1
2018/5/7,6.3649,6.3425875,2018/4/7,2018/04/07,2018/04,6.3439,0.0013125,1
2018/5/8,6.3676,6.3498875,2018/4/8,2018/04/08,2018/04,6.3439,-0.0059875,-1
2018/5/9,6.3784,6.3571375,2018/4/9,2018/04/09,2018/04,6.3439,-0.0132375,-1
2018/5/10,6.3613,6.36105,2018/4/10,2018/04/10,2018/04,6.3439,-0.01715,-1
2018/5/11,6.3351,6.35995,2018/4/11,2018/04/11,2018/04,6.3439,-0.01605,-1
2018/5/14,6.3368,6.357025,2018/4/14,2018/04/14,2018/04,6.3439,-0.013125,-1
2018/5/15,6.3535,6.3570625,2018/4/15,2018/04/15,2018/04,6.3439,-0.0131625,-1
2018/5/16,6.3685,6.3582625,2018/4/16,2018/04/16,2018/04,6.3439,-0.0143625,-1
2018/5/17,6.3671,6.3585375,2018/4/17,2018/04/17,2018/04,6.3439,-0.0146375,-1
2018/5/18,6.376,6.3595875,2018/4/18,2018/04/18,2018/04,6.3439,-0.0156875,-1
2018/5/21,6.3888,6.3608875,2018/4/21,2018/04/21,2018/04,6.3439,-0.0169875,-1
2018/5/22,6.3709,6.3620875,2018/4/22,2018/04/22,2018/04,6.3439,-0.0181875,-1
2018/5/23,6.3852,6.36835,2018/4/23,2018/04/23,2018/04,6.3439,-0.02445,-1
2018/5/24,6.3846,6.374325,2018/4/24,2018/04/24,2018/04,6.3439,-0.030425,-1
2018/5/25,6.3891,6.378775,2018/4/25,2018/04/25,2018/04,6.3439,-0.034875,-1
2018/5/28,6.3938,6.3819375,2018/4/28,2018/04/28,2018/04,6.3439,-0.0380375,-1
2018/5/29,6.4188,6.3884,2018/4/29,2018/04/29,2018/04,6.3439,-0.0445,-1
2018/5/30,6.4248,6.3945,2018/4/30,2018/04/30,2018/04,6.3439,-0.0506,-1
2018/5/31,6.401,6.396025,2018/5/1,2018/05/01,2018/05,6.401,0.004975,1
2018/6/1,6.4169,6.401775,2018/5/1,2018/05/01,2018/05,6.401,-0.000775,-1
2018/6/4,6.4123,6.4051625,2018/5/4,2018/05/04,2018/05,6.401,-0.0041625,-1
2018/6/5,6.4015,6.407275,2018/5/5,2018/05/05,2018/05,6.401,-0.006275,-1
2018/6/6,6.3956,6.4080875,2018/5/6,2018/05/06,2018/05,6.401,-0.0070875,-1
2018/6/7,6.3933,6.408025,2018/5/7,2018/05/07,2018/05,6.401,-0.007025,-1
2018/6/8,6.4097,6.4068875,2018/5/8,2018/05/08,2018/05,6.401,-0.0058875,-1
2018/6/11,6.4016,6.4039875,2018/5/11,2018/05/11,2018/05,6.401,-0.0029875,-1
2018/6/12,6.4041,6.404375,2018/5/12,2018/05/12,2018/05,6.401,-0.003375,-1
2018/6/13,6.4051,6.4029,2018/5/13,2018/05/13,2018/05,6.401,-0.0019,-1
2018/6/14,6.3923,6.4004,2018/5/14,2018/05/14,2018/05,6.401,0.0006,1
2018/6/15,6.4168,6.4023125,2018/5/15,2018/05/15,2018/05,6.401,-0.0013125,-1
2018/6/19,6.4743,6.41215,2018/5/19,2018/05/19,2018/05,6.401,-0.01115,-1
2018/6/20,6.4715,6.421925,2018/5/20,2018/05/20,2018/05,6.401,-0.020925,-1
2018/6/21,6.4917,6.432175,2018/5/21,2018/05/21,2018/05,6.401,-0.031175,-1
2018/6/22,6.4964,6.444025,2018/5/22,2018/05/22,2018/05,6.401,-0.043025,-1
2018/6/25,6.524,6.4590125,2018/5/25,2018/05/25,2018/05,6.401,-0.0580125,-1
2018/6/26,6.556,6.477875,2018/5/26,2018/05/26,2018/05,6.401,-0.076875,-1
2018/6/27,6.595,6.5032125,2018/5/27,2018/05/27,2018/05,6.401,-0.1022125,-1
2018/6/28,6.625,6.5292375,2018/5/28,2018/05/28,2018/05,6.401,-0.1282375,-1
2018/6/29,6.6246,6.548025,2018/5/29,2018/05/29,2018/05,6.401,-0.147025,-1
2018/7/2,6.649,6.5702125,2018/6/2,2018/06/02,2018/06,6.6246,0.0543875,1
2018/7/3,6.6672,6.59215,2018/6/3,2018/06/03,2018/06,6.6246,0.03245,1
2018/7/4,6.6211,6.6077375,2018/6/4,2018/06/04,2018/06,6.6246,0.0168625,1
2018/7/5,6.6372,6.6218875,2018/6/5,2018/06/05,2018/06,6.6246,0.0027125,1
2018/7/6,6.648,6.6333875,2018/6/6,2018/06/06,2018/06,6.6246,-0.0087875,-1
2018/7/9,6.6175,6.6362,2018/6/9,2018/06/09,2018/06,6.6246,-0.0116,-1
2018/7/10,6.623,6.63595,2018/6/10,2018/06/10,2018/06,6.6246,-0.01135,-1
2018/7/11,6.6674,6.6413,2018/6/11,2018/06/11,2018/06,6.6246,-0.0167,-1
2018/7/12,6.6679,6.6436625,2018/6/12,2018/06/12,2018/06,6.6246,-0.0190625,-1
2018/7/13,6.6905,6.646575,2018/6/13,2018/06/13,2018/06,6.6246,-0.021975,-1
2018/7/16,6.6838,6.6544125,2018/6/16,2018/06/16,2018/06,6.6246,-0.0298125,-1
2018/7/17,6.679,6.6596375,2018/6/17,2018/06/17,2018/06,6.6246,-0.0350375,-1
2018/7/18,6.7145,6.66795,2018/6/18,2018/06/18,2018/06,6.6246,-0.04335,-1
2018/7/19,6.7734,6.6874375,2018/6/19,2018/06/19,2018/06,6.6246,-0.0628375,-1
2018/7/20,6.7795,6.707,2018/6/20,2018/06/20,2018/06,6.6246,-0.0824,-1
2018/7/23,6.7834,6.7215,2018/6/23,2018/06/23,2018/06,6.6246,-0.0969,-1
2018/7/24,6.81,6.7392625,2018/6/24,2018/06/24,2018/06,6.6246,-0.1146625,-1
2018/7/25,6.7784,6.75025,2018/6/25,2018/06/25,2018/06,6.6246,-0.12565,-1
2018/7/26,6.7825,6.7625875,2018/6/26,2018/06/26,2018/06,6.6246,-0.1379875,-1
2018/7/27,6.8246,6.7807875,2018/6/27,2018/06/27,2018/06,6.6246,-0.1561875,-1
2018/7/30,6.8256,6.794675,2018/6/30,2018/06/30,2018/06,6.6246,-0.170075,-1
2018/7/31,6.8255,6.8011875,2018/7/1,2018/07/01,2018/07,6.8255,0.0243125,1
2018/8/1,6.7948,6.8031,2018/7/1,2018/07/01,2018/07,6.8255,0.0224,1
2018/8/2,6.83,6.808925,2018/7/2,2018/07/02,2018/07,6.8255,0.016575,1
2018/8/3,6.862,6.815425,2018/7/3,2018/07/03,2018/07,6.8255,0.010075,1
2018/8/6,6.842,6.823375,2018/7/6,2018/07/06,2018/07,6.8255,0.002125,1
2018/8/7,6.834,6.8298125,2018/7/7,2018/07/07,2018/07,6.8255,-0.0043125,-1
2018/8/8,6.8316,6.8306875,2018/7/8,2018/07/08,2018/07,6.8255,-0.0051875,-1
2018/8/9,6.8283,6.831025,2018/7/9,2018/07/09,2018/07,6.8255,-0.005525,-1
2018/8/10,6.8574,6.8350125,2018/7/10,2018/07/10,2018/07,6.8255,-0.0095125,-1
2018/8/13,6.8767,6.84525,2018/7/13,2018/07/13,2018/07,6.8255,-0.01975,-1
2018/8/14,6.883,6.851875,2018/7/14,2018/07/14,2018/07,6.8255,-0.026375,-1
2018/8/15,6.9049,6.8572375,2018/7/15,2018/07/15,2018/07,6.8255,-0.0317375,-1
2018/8/16,6.896,6.8639875,2018/7/16,2018/07/16,2018/07,6.8255,-0.0384875,-1
2018/8/17,6.8815,6.869925,2018/7/17,2018/07/17,2018/07,6.8255,-0.044425,-1
2018/8/20,6.8525,6.8725375,2018/7/20,2018/07/20,2018/07,6.8255,-0.0470375,-1
2018/8/21,6.838,6.87375,2018/7/21,2018/07/21,2018/07,6.8255,-0.04825,-1
2018/8/22,6.846,6.872325,2018/7/22,2018/07/22,2018/07,6.8255,-0.046825,-1
2018/8/23,6.869,6.8713625,2018/7/23,2018/07/23,2018/07,6.8255,-0.0458625,-1
2018/8/24,6.8789,6.87085,2018/7/24,2018/07/24,2018/07,6.8255,-0.04535,-1
2018/8/27,6.8171,6.859875,2018/7/27,2018/07/27,2018/07,6.8255,-0.034375,-1
2018/8/28,6.807,6.84875,2018/7/28,2018/07/28,2018/07,6.8255,-0.02325,-1
2018/8/29,6.8218,6.8412875,2018/7/29,2018/07/29,2018/07,6.8255,-0.0157875,-1
2018/8/30,6.836,6.839225,2018/7/30,2018/07/30,2018/07,6.8255,-0.013725,-1
2018/8/31,6.8299,6.8382125,2018/7/31,2018/07/31,2018/07,6.8255,-0.0127125,-1
2018/9/3,6.8165,6.834525,2018/8/3,2018/08/03,2018/08,6.8299,-0.004625,-1
2018/9/4,6.829,6.829525,2018/8/4,2018/08/04,2018/08,6.8299,0.000375,1
2018/9/5,6.8381,6.824425,2018/8/5,2018/08/05,2018/08,6.8299,0.005475,1
2018/9/6,6.8307,6.826125,2018/8/6,2018/08/06,2018/08,6.8299,0.003775,1
2018/9/7,6.8379,6.8299875,2018/8/7,2018/08/07,2018/08,6.8299,-8.75E-05,-1
2018/9/10,6.8655,6.83545,2018/8/10,2018/08/10,2018/08,6.8299,-0.00555,-1
2018/9/11,6.8637,6.8389125,2018/8/11,2018/08/11,2018/08,6.8299,-0.0090125,-1
2018/9/12,6.868,6.843675,2018/8/12,2018/08/12,2018/08,6.8299,-0.013775,-1
2018/9/13,6.8487,6.8477,2018/8/13,2018/08/13,2018/08,6.8299,-0.0178,-1
2018/9/14,6.8521,6.8505875,2018/8/14,2018/08/14,2018/08,6.8299,-0.0206875,-1
2018/9/17,6.869,6.85445,2018/8/17,2018/08/17,2018/08,6.8299,-0.02455,-1
2018/9/18,6.8644,6.8586625,2018/8/18,2018/08/18,2018/08,6.8299,-0.0287625,-1
2018/9/19,6.8534,6.8606,2018/8/19,2018/08/19,2018/08,6.8299,-0.0307,-1
2018/9/20,6.8528,6.8590125,2018/8/20,2018/08/20,2018/08,6.8299,-0.0291125,-1
2018/9/21,6.839,6.855925,2018/8/21,2018/08/21,2018/08,6.8299,-0.026025,-1
2018/9/25,6.877,6.85705,2018/8/25,2018/08/25,2018/08,6.8299,-0.02715,-1
2018/9/26,6.874,6.8602125,2018/8/26,2018/08/26,2018/08,6.8299,-0.0303125,-1
2018/9/27,6.877,6.863325,2018/8/27,2018/08/27,2018/08,6.8299,-0.033425,-1
2018/9/28,6.8814,6.864875,2018/8/28,2018/08/28,2018/08,6.8299,-0.034975,-1
2018/10/8,6.9135,6.8710125,2018/9/8,2018/09/08,2018/09,6.8814,0.0103875,1
2018/10/9,6.9235,6.879775,2018/9/9,2018/09/09,2018/09,6.8814,0.001625,1
2018/10/10,6.9194,6.8881,2018/9/10,2018/09/10,2018/09,6.8814,-0.0067,-1
2018/10/11,6.9268,6.899075,2018/9/11,2018/09/11,2018/09,6.8814,-0.017675,-1
2018/10/12,6.9234,6.904875,2018/9/12,2018/09/12,2018/09,6.8814,-0.023475,-1
2018/10/15,6.927,6.9115,2018/9/15,2018/09/15,2018/09,6.8814,-0.0301,-1
2018/10/16,6.9186,6.9167,2018/9/16,2018/09/16,2018/09,6.8814,-0.0353,-1
2018/10/17,6.9249,6.9221375,2018/9/17,2018/09/17,2018/09,6.8814,-0.0407375,-1
2018/10/18,6.9409,6.9255625,2018/9/18,2018/09/18,2018/09,6.8814,-0.0441625,-1
2018/10/19,6.9321,6.9266375,2018/9/19,2018/09/19,2018/09,6.8814,-0.0452375,-1
2018/10/22,6.9372,6.9288625,2018/9/22,2018/09/22,2018/09,6.8814,-0.0474625,-1
2018/10/23,6.9374,6.9301875,2018/9/23,2018/09/23,2018/09,6.8814,-0.0487875,-1
2018/10/24,6.9401,6.932275,2018/9/24,2018/09/24,2018/09,6.8814,-0.050875,-1
2018/10/25,6.9498,6.935125,2018/9/25,2018/09/25,2018/09,6.8814,-0.053725,-1
2018/10/26,6.9478,6.938775,2018/9/26,2018/09/26,2018/09,6.8814,-0.057375,-1
2018/10/29,6.956,6.9426625,2018/9/29,2018/09/29,2018/09,6.8814,-0.0612625,-1
2018/10/30,6.9613,6.9452125,2018/9/30,2018/09/30,2018/09,6.8814,-0.0638125,-1
2018/10/31,6.9734,6.950375,2018/10/1,2018/10/01,2018/10,6.9734,0.023025,1
2018/11/1,6.9496,6.951925,2018/10/1,2018/10/01,2018/10,6.9734,0.021475,1
2018/11/2,6.8897,6.9459625,2018/10/2,2018/10/02,2018/10,6.9734,0.0274375,1
2018/11/5,6.9265,6.9442625,2018/10/5,2018/10/05,2018/10,6.9734,0.0291375,1
2018/11/6,6.9141,6.9398,2018/10/6,2018/10/06,2018/10,6.9734,0.0336,1
2018/11/7,6.9253,6.9369875,2018/10/7,2018/10/07,2018/10,6.9734,0.0364125,1
2018/11/8,6.9285,6.93355,2018/10/8,2018/10/08,2018/10,6.9734,0.03985,1
2018/11/9,6.944,6.9313875,2018/10/9,2018/10/09,2018/10,6.9734,0.0420125,1
2018/11/12,6.9661,6.930475,2018/10/12,2018/10/12,2018/10,6.9734,0.042925,1
2018/11/13,6.9531,6.9309125,2018/10/13,2018/10/13,2018/10,6.9734,0.0424875,1
2018/11/14,6.9509,6.9385625,2018/10/14,2018/10/14,2018/10,6.9734,0.0348375,1
2018/11/15,6.9359,6.9397375,2018/10/15,2018/10/15,2018/10,6.9734,0.0336625,1
2018/11/16,6.9474,6.9439,2018/10/16,2018/10/16,2018/10,6.9734,0.0295,1
2018/11/19,6.9429,6.9461,2018/10/19,2018/10/19,2018/10,6.9734,0.0273,1
2018/11/20,6.9393,6.94745,2018/10/20,2018/10/20,2018/10,6.9734,0.02595,1
2018/11/21,6.9393,6.9468625,2018/10/21,2018/10/21,2018/10,6.9734,0.0265375,1
2018/11/22,6.935,6.942975,2018/10/22,2018/10/22,2018/10,6.9734,0.030425,1
2018/11/23,6.9421,6.9416,2018/10/23,2018/10/23,2018/10,6.9734,0.0318,1
2018/11/26,6.9351,6.939625,2018/10/26,2018/10/26,2018/10,6.9734,0.033775,1
2018/11/27,6.9485,6.9412,2018/10/27,2018/10/27,2018/10,6.9734,0.0322,1
2018/11/28,6.956,6.942275,2018/10/28,2018/10/28,2018/10,6.9734,0.031125,1
2018/11/29,6.9451,6.94255,2018/10/29,2018/10/29,2018/10,6.9734,0.03085,1
2018/11/30,6.9436,6.9430875,2018/10/30,2018/10/30,2018/10,6.9734,0.0303125,1
2018/12/3,6.8885,6.9367375,2018/11/3,2018/11/03,2018/11,6.9436,0.0068625,1
2018/12/4,6.8401,6.924875,2018/11/4,2018/11/04,2018/11,6.9436,0.018725,1
2018/12/5,6.8662,6.9153875,2018/11/5,2018/11/05,2018/11,6.9436,0.0282125,1
2018/12/6,6.8837,6.9089625,2018/11/6,2018/11/06,2018/11,6.9436,0.0346375,1
2018/12/7,6.8798,6.900375,2018/11/7,2018/11/07,2018/11,6.9436,0.043225,1
2018/12/10,6.9135,6.8950625,2018/11/10,2018/11/10,2018/11,6.9436,0.0485375,1
2018/12/11,6.899,6.8893,2018/11/11,2018/11/11,2018/11,6.9436,0.0543,1
2018/12/12,6.8893,6.8825125,2018/11/12,2018/11/12,2018/11,6.9436,0.0610875,1
2018/12/13,6.869,6.880075,2018/11/13,2018/11/13,2018/11,6.9436,0.063525,1
2018/12/14,6.8975,6.88725,2018/11/14,2018/11/14,2018/11,6.9436,0.05635,1
2018/12/17,6.9004,6.891525,2018/11/17,2018/11/17,2018/11,6.9436,0.052075,1
2018/12/18,6.8927,6.89265,2018/11/18,2018/11/18,2018/11,6.9436,0.05095,1
2018/12/19,6.8954,6.8946,2018/11/19,2018/11/19,2018/11,6.9436,0.049,1
2018/12/20,6.897,6.8925375,2018/11/20,2018/11/20,2018/11,6.9436,0.0510625,1
2018/12/21,6.9019,6.8929,2018/11/21,2018/11/21,2018/11,6.9436,0.0507,1
2018/12/24,6.8965,6.8938,2018/11/24,2018/11/24,2018/11,6.9436,0.0498,1
2018/12/25,6.886,6.895925,2018/11/25,2018/11/25,2018/11,6.9436,0.047675,1
2018/12/26,6.8821,6.894,2018/11/26,2018/11/26,2018/11,6.9436,0.0496,1
2018/12/27,6.866,6.8897,2018/11/27,2018/11/27,2018/11,6.9436,0.0539,1
2018/12/28,6.8658,6.8863375,2018/11/28,2018/11/28,2018/11,6.9436,0.0572625,1
2019/1/2,6.8518,6.8808875,2018/12/2,2018/12/02,2018/12,6.8658,-0.0150875,-1
2019/1/3,6.8721,6.877775,2018/12/3,2018/12/03,2018/12,6.8658,-0.011975,-1
2019/1/4,6.8645,6.8731,2018/12/4,2018/12/04,2018/12,6.8658,-0.0073,-1
2019/1/7,6.8499,6.867275,2018/12/7,2018/12/07,2018/12,6.8658,-0.001475,-1
2019/1/8,6.8561,6.8635375,2018/12/8,2018/12/08,2018/12,6.8658,0.0022625,1
2019/1/9,6.833,6.8574,2018/12/9,2018/12/09,2018/12,6.8658,0.0084,1
2019/1/10,6.7825,6.8469625,2018/12/10,2018/12/10,2018/12,6.8658,0.0188375,1
2019/1/11,6.7482,6.8322625,2018/12/11,2018/12/11,2018/12,6.8658,0.0335375,1
2019/1/14,6.7578,6.8205125,2018/12/14,2018/12/14,2018/12,6.8658,0.0452875,1
2019/1/15,6.7544,6.8058,2018/12/15,2018/12/15,2018/12,6.8658,0.06,1
2019/1/16,6.755,6.7921125,2018/12/16,2018/12/16,2018/12,6.8658,0.0736875,1
2019/1/17,6.7747,6.7827125,2018/12/17,2018/12/17,2018/12,6.8658,0.0830875,1
2019/1/18,6.7706,6.772025,2018/12/18,2018/12/18,2018/12,6.8658,0.093775,1
2019/1/21,6.7901,6.7666625,2018/12/21,2018/12/21,2018/12,6.8658,0.0991375,1
2019/1/22,6.8103,6.7701375,2018/12/22,2018/12/22,2018/12,6.8658,0.0956625,1
2019/1/23,6.7888,6.7752125,2018/12/23,2018/12/23,2018/12,6.8658,0.0905875,1
2019/1/24,6.7945,6.7798,2018/12/24,2018/12/24,2018/12,6.8658,0.086,1
2019/1/25,6.764,6.781,2018/12/25,2018/12/25,2018/12,6.8658,0.0848,1
2019/1/28,6.7389,6.7789875,2018/12/28,2018/12/28,2018/12,6.8658,0.0868125,1
2019/1/29,6.7309,6.7735125,2018/12/29,2018/12/29,2018/12,6.8658,0.0922875,1
2019/1/30,6.7131,6.766325,2018/12/30,2018/12/30,2018/12,6.8658,0.099475,1
2019/1/31,6.7055,6.75575,2018/12/31,2018/12/31,2018/12,6.8658,0.11005,1
2019/2/1,6.7391,6.74685,2019/1/1,2019/01/01,2019/01,6.7055,-0.04135,-1
2019/2/11,6.7804,6.7458,2019/1/11,2019/01/11,2019/01,6.7055,-0.0403,-1
2019/2/12,6.781,6.7441125,2019/1/12,2019/01/12,2019/01,6.7055,-0.0386125,-1
2019/2/13,6.7596,6.7435625,2019/1/13,2019/01/13,2019/01,6.7055,-0.0380625,-1
2019/2/14,6.7701,6.7474625,2019/1/14,2019/01/14,2019/01,6.7055,-0.0419625,-1
2019/2/15,6.7802,6.753625,2019/1/15,2019/01/15,2019/01,6.7055,-0.048125,-1
2019/2/18,6.7671,6.760375,2019/1/18,2019/01/18,2019/01,6.7055,-0.054875,-1
2019/2/19,6.7675,6.768125,2019/1/19,2019/01/19,2019/01,6.7055,-0.062625,-1
2019/2/20,6.7236,6.7661875,2019/1/20,2019/01/20,2019/01,6.7055,-0.0606875,-1
2019/2/21,6.7101,6.7574,2019/1/21,2019/01/21,2019/01,6.7055,-0.0519,-1
2019/2/22,6.7186,6.7496,2019/1/22,2019/01/22,2019/01,6.7055,-0.0441,-1
2019/2/25,6.6941,6.7414125,2019/1/25,2019/01/25,2019/01,6.7055,-0.0359125,-1
2019/2/26,6.6961,6.7321625,2019/1/26,2019/01/26,2019/01,6.7055,-0.0266625,-1
2019/2/27,6.6835,6.720075,2019/1/27,2019/01/27,2019/01,6.7055,-0.014575,-1
2019/2/28,6.6868,6.7100375,2019/1/28,2019/01/28,2019/01,6.7055,-0.0045375,-1
2019/3/1,6.7078,6.702575,2019/2/1,2019/02/01,2019/02,6.6868,-0.015775,-1
2019/3/4,6.6991,6.6995125,2019/2/4,2019/02/04,2019/02,6.6868,-0.0127125,-1
2019/3/5,6.7038,6.698725,2019/2/5,2019/02/05,2019/02,6.6868,-0.011925,-1
2019/3/6,6.7106,6.697725,2019/2/6,2019/02/06,2019/02,6.6868,-0.010925,-1
2019/3/7,6.7074,6.6993875,2019/2/7,2019/02/07,2019/02,6.6868,-0.0125875,-1
2019/3/8,6.7269,6.7032375,2019/2/8,2019/02/08,2019/02,6.6868,-0.0164375,-1
2019/3/11,6.7251,6.7084375,2019/2/11,2019/02/11,2019/02,6.6868,-0.0216375,-1
2019/3/12,6.7114,6.7115125,2019/2/12,2019/02/12,2019/02,6.6868,-0.0247125,-1
2019/3/13,6.7092,6.7116875,2019/2/13,2019/02/13,2019/02,6.6868,-0.0248875,-1
2019/3/14,6.717,6.713925,2019/2/14,2019/02/14,2019/02,6.6868,-0.027125,-1
2019/3/15,6.7117,6.7149125,2019/2/15,2019/02/15,2019/02,6.6868,-0.0281125,-1
2019/3/18,6.7123,6.715125,2019/2/18,2019/02/18,2019/02,6.6868,-0.028325,-1
2019/3/19,6.7154,6.716125,2019/2/19,2019/02/19,2019/02,6.6868,-0.029325,-1
2019/3/20,6.6998,6.7127375,2019/2/20,2019/02/20,2019/02,6.6868,-0.0259375,-1
2019/3/21,6.6877,6.7080625,2019/2/21,2019/02/21,2019/02,6.6868,-0.0212625,-1
2019/3/22,6.706,6.7073875,2019/2/22,2019/02/22,2019/02,6.6868,-0.0205875,-1
2019/3/25,6.7112,6.7076375,2019/2/25,2019/02/25,2019/02,6.6868,-0.0208375,-1
2019/3/26,6.7129,6.707125,2019/2/26,2019/02/26,2019/02,6.6868,-0.020325,-1
2019/3/27,6.7215,6.70835,2019/2/27,2019/02/27,2019/02,6.6868,-0.02155,-1
2019/3/28,6.7288,6.7104125,2019/2/28,2019/02/28,2019/02,6.6868,-0.0236125,-1
2019/3/29,6.7202,6.7110125,2019/3/1,2019/03/01,2019/03,6.7202,0.0091875,1
2019/4/1,6.7107,6.712375,2019/3/1,2019/03/01,2019/03,6.7202,0.007825,1
2019/4/2,6.7213,6.716575,2019/3/2,2019/03/02,2019/03,6.7202,0.003625,1
2019/4/3,6.7076,6.716775,2019/3/3,2019/03/03,2019/03,6.7202,0.003425,1
2019/4/4,6.7185,6.7176875,2019/3/4,2019/03/04,2019/03,6.7202,0.0025125,1
2019/4/8,6.7203,6.7186125,2019/3/8,2019/03/08,2019/03,6.7202,0.0015875,1
2019/4/9,6.7125,6.7174875,2019/3/9,2019/03/09,2019/03,6.7202,0.0027125,1
2019/4/10,6.7166,6.7159625,2019/3/10,2019/03/10,2019/03,6.7202,0.0042375,1
2019/4/11,6.7167,6.715525,2019/3/11,2019/03/11,2019/03,6.7202,0.004675,1
2019/4/12,6.7145,6.716,2019/3/12,2019/03/12,2019/03,6.7202,0.0042,1
2019/4/15,6.7059,6.714075,2019/3/15,2019/03/15,2019/03,6.7202,0.006125,1
2019/4/16,6.7073,6.7140375,2019/3/16,2019/03/16,2019/03,6.7202,0.0061625,1
2019/4/17,6.6858,6.70995,2019/3/17,2019/03/17,2019/03,6.7202,0.01025,1
2019/4/18,6.704,6.7079125,2019/3/18,2019/03/18,2019/03,6.7202,0.0122875,1
2019/4/19,6.7034,6.706775,2019/3/19,2019/03/19,2019/03,6.7202,0.013425,1
2019/4/22,6.7125,6.7062625,2019/3/22,2019/03/22,2019/03,6.7202,0.0139375,1
2019/4/23,6.7192,6.706575,2019/3/23,2019/03/23,2019/03,6.7202,0.013625,1
2019/4/24,6.7179,6.707,2019/3/24,2019/03/24,2019/03,6.7202,0.0132,1
2019/4/25,6.741,6.7113875,2019/3/25,2019/03/25,2019/03,6.7202,0.0088125,1
2019/4/26,6.7381,6.7152375,2019/3/26,2019/03/26,2019/03,6.7202,0.0049625,1
2019/4/29,6.735,6.7213875,2019/3/29,2019/03/29,2019/03,6.7202,-0.0011875,-1
2019/4/30,6.7366,6.7254625,2019/3/30,2019/03/30,2019/03,6.7202,-0.0052625,-1
2019/5/6,6.7666,6.7333625,2019/4/6,2019/04/06,2019/04,6.7366,0.0032375,1
2019/5/7,6.7607,6.7393875,2019/4/7,2019/04/07,2019/04,6.7366,-0.0027875,-1
2019/5/8,6.7716,6.7459375,2019/4/8,2019/04/08,2019/04,6.7366,-0.0093375,-1
2019/5/9,6.8227,6.7590375,2019/4/9,2019/04/09,2019/04,6.7366,-0.0224375,-1
2019/5/10,6.8118,6.7678875,2019/4/10,2019/04/10,2019/04,6.7366,-0.0312875,-1
2019/5/13,6.8721,6.7846375,2019/4/13,2019/04/13,2019/04,6.7366,-0.0480375,-1
2019/5/14,6.8854,6.8034375,2019/4/14,2019/04/14,2019/04,6.7366,-0.0668375,-1
2019/5/15,6.8736,6.8205625,2019/4/15,2019/04/15,2019/04,6.7366,-0.0839625,-1
2019/5/16,6.8821,6.835,2019/4/16,2019/04/16,2019/04,6.7366,-0.0984,-1
2019/5/17,6.9138,6.8541375,2019/4/17,2019/04/17,2019/04,6.7366,-0.1175375,-1
2019/5/20,6.9141,6.87195,2019/4/20,2019/04/20,2019/04,6.7366,-0.13535,-1
2019/5/21,6.9166,6.8836875,2019/4/21,2019/04/21,2019/04,6.7366,-0.1470875,-1
2019/5/22,6.904,6.8952125,2019/4/22,2019/04/22,2019/04,6.7366,-0.1586125,-1
2019/5/23,6.919,6.901075,2019/4/23,2019/04/23,2019/04,6.7366,-0.164475,-1
2019/5/24,6.905,6.903525,2019/4/24,2019/04/24,2019/04,6.7366,-0.166925,-1
2019/5/27,6.8963,6.9063625,2019/4/27,2019/04/27,2019/04,6.7366,-0.1697625,-1
2019/5/28,6.913,6.910225,2019/4/28,2019/04/28,2019/04,6.7366,-0.173625,-1
2019/5/29,6.91,6.90975,2019/4/29,2019/04/29,2019/04,6.7366,-0.17315,-1
2019/5/30,6.9051,6.908625,2019/4/30,2019/04/30,2019/04,6.7366,-0.172025,-1
2019/5/31,6.902,6.9068,2019/5/1,2019/05/01,2019/05,6.902,-0.0048,-1
2019/6/3,6.9097,6.9075125,2019/5/3,2019/05/03,2019/05,6.902,-0.0055125,-1
2019/6/4,6.913,6.9067625,2019/5/4,2019/05/04,2019/05,6.902,-0.0047625,-1
2019/6/5,6.9088,6.9072375,2019/5/5,2019/05/05,2019/05,6.902,-0.0052375,-1
2019/6/6,6.9161,6.9097125,2019/5/6,2019/05/06,2019/05,6.902,-0.0077125,-1
2019/6/10,6.9332,6.9122375,2019/5/10,2019/05/10,2019/05,6.902,-0.0102375,-1
2019/6/11,6.9138,6.9127125,2019/5/11,2019/05/11,2019/05,6.902,-0.0107125,-1
2019/6/12,6.9167,6.9141625,2019/5/12,2019/05/12,2019/05,6.902,-0.0121625,-1
2019/6/13,6.922,6.9166625,2019/5/13,2019/05/13,2019/05,6.902,-0.0146625,-1
2019/6/14,6.9236,6.9184,2019/5/14,2019/05/14,2019/05,6.902,-0.0164,-1
2019/6/17,6.9254,6.91995,2019/5/17,2019/05/17,2019/05,6.902,-0.01795,-1
2019/6/18,6.9264,6.92215,2019/5/18,2019/05/18,2019/05,6.902,-0.02015,-1
2019/6/19,6.904,6.9206375,2019/5/19,2019/05/19,2019/05,6.902,-0.0186375,-1
2019/6/20,6.8505,6.9103,2019/5/20,2019/05/20,2019/05,6.902,-0.0083,-1
2019/6/21,6.875,6.90545,2019/5/21,2019/05/21,2019/05,6.902,-0.00345,-1
2019/6/24,6.8788,6.9007125,2019/5/24,2019/05/24,2019/05,6.902,0.0012875,1
2019/6/25,6.8809,6.895575,2019/5/25,2019/05/25,2019/05,6.902,0.006425,1
2019/6/26,6.8855,6.8908125,2019/5/26,2019/05/26,2019/05,6.902,0.0111875,1
2019/6/27,6.8768,6.8847375,2019/5/27,2019/05/27,2019/05,6.902,0.0172625,1
2019/6/28,6.8683,6.877475,2019/5/28,2019/05/28,2019/05,6.902,0.024525,1
2019/7/1,6.8444,6.870025,2019/6/1,2019/06/01,2019/06,6.8683,-0.001725,-1
2019/7/2,6.8835,6.87415,2019/6/2,2019/06/02,2019/06,6.8683,-0.00585,-1
2019/7/3,6.8833,6.8751875,2019/6/3,2019/06/03,2019/06,6.8683,-0.0068875,-1
2019/7/4,6.8701,6.8741,2019/6/4,2019/06/04,2019/06,6.8683,-0.0058,-1
2019/7/5,6.8781,6.87375,2019/6/5,2019/06/05,2019/06,6.8683,-0.00545,-1
2019/7/8,6.879,6.8729375,2019/6/8,2019/06/08,2019/06,6.8683,-0.0046375,-1
2019/7/9,6.8846,6.8739125,2019/6/9,2019/06/09,2019/06,6.8683,-0.0056125,-1
2019/7/10,6.8809,6.8754875,2019/6/10,2019/06/10,2019/06,6.8683,-0.0071875,-1
2019/7/11,6.8658,6.8781625,2019/6/11,2019/06/11,2019/06,6.8683,-0.0098625,-1
2019/7/12,6.8783,6.8775125,2019/6/12,2019/06/12,2019/06,6.8683,-0.0092125,-1
2019/7/15,6.8758,6.876575,2019/6/15,2019/06/15,2019/06,6.8683,-0.008275,-1
2019/7/16,6.8772,6.8774625,2019/6/16,2019/06/16,2019/06,6.8683,-0.0091625,-1
2019/7/17,6.8795,6.8776375,2019/6/17,2019/06/17,2019/06,6.8683,-0.0093375,-1
2019/7/18,6.875,6.8771375,2019/6/18,2019/06/18,2019/06,6.8683,-0.0088375,-1
2019/7/19,6.8765,6.876125,2019/6/19,2019/06/19,2019/06,6.8683,-0.007825,-1
2019/7/22,6.8804,6.8760625,2019/6/22,2019/06/22,2019/06,6.8683,-0.0077625,-1
2019/7/23,6.8794,6.8777625,2019/6/23,2019/06/23,2019/06,6.8683,-0.0094625,-1
2019/7/24,6.8745,6.8772875,2019/6/24,2019/06/24,2019/06,6.8683,-0.0089875,-1
2019/7/25,6.875,6.8771875,2019/6/25,2019/06/25,2019/06,6.8683,-0.0088875,-1
2019/7/26,6.8798,6.8775125,2019/6/26,2019/06/26,2019/06,6.8683,-0.0092125,-1
2019/7/29,6.892,6.879075,2019/6/29,2019/06/29,2019/06,6.8683,-0.010775,-1
2019/7/30,6.8845,6.8802625,2019/6/30,2019/06/30,2019/06,6.8683,-0.0119625,-1
2019/7/31,6.8855,6.8813875,2019/7/1,2019/07/01,2019/07,6.8855,0.0041125,1
2019/8/1,6.9023,6.884125,2019/7/1,2019/07/01,2019/07,6.8855,0.001375,1
2019/8/2,6.9416,6.8919,2019/7/2,2019/07/02,2019/07,6.8855,-0.0064,-1
2019/8/5,7.0352,6.9119875,2019/7/5,2019/07/05,2019/07,6.8855,-0.0264875,-1
2019/8/6,7.0321,6.931625,2019/7/6,2019/07/06,2019/07,6.8855,-0.046125,-1
2019/8/7,7.0414,6.951825,2019/7/7,2019/07/07,2019/07,6.8855,-0.066325,-1
2019/8/8,7.0443,6.9708625,2019/7/8,2019/07/08,2019/07,6.8855,-0.0853625,-1
2019/8/9,7.052,6.9918,2019/7/9,2019/07/09,2019/07,6.8855,-0.1063,-1
2019/8/12,7.0679,7.0146,2019/7/12,2019/07/12,2019/07,6.8855,-0.1291,-1
2019/8/13,7.0669,7.035175,2019/7/13,2019/07/13,2019/07,6.8855,-0.149675,-1
2019/8/14,7.0165,7.0445375,2019/7/14,2019/07/14,2019/07,6.8855,-0.1590375,-1
2019/8/15,7.03,7.0438875,2019/7/15,2019/07/15,2019/07,6.8855,-0.1583875,-1
2019/8/16,7.0446,7.04545,2019/7/16,2019/07/16,2019/07,6.8855,-0.15995,-1
2019/8/19,7.0445,7.0458375,2019/7/19,2019/07/19,2019/07,6.8855,-0.1603375,-1
2019/8/20,7.0634,7.048225,2019/7/20,2019/07/20,2019/07,6.8855,-0.162725,-1
2019/8/21,7.0632,7.049625,2019/7/21,2019/07/21,2019/07,6.8855,-0.164125,-1
2019/8/22,7.0875,7.052075,2019/7/22,2019/07/22,2019/07,6.8855,-0.166575,-1
2019/8/23,7.0825,7.054025,2019/7/23,2019/07/23,2019/07,6.8855,-0.168525,-1
2019/8/26,7.1528,7.0710625,2019/7/26,2019/07/26,2019/07,6.8855,-0.1855625,-1
2019/8/27,7.167,7.0881875,2019/7/27,2019/07/27,2019/07,6.8855,-0.2026875,-1
2019/8/28,7.1635,7.10305,2019/7/28,2019/07/28,2019/07,6.8855,-0.21755,-1
2019/8/29,7.1514,7.1164125,2019/7/29,2019/07/29,2019/07,6.8855,-0.2309125,-1
2019/8/30,7.1452,7.1266375,2019/7/30,2019/07/30,2019/07,6.8855,-0.2411375,-1
2019/9/2,7.1716,7.1401875,2019/8/2,2019/08/02,2019/08,7.1452,0.0050125,1
2019/9/3,7.1785,7.1515625,2019/8/3,2019/08/03,2019/08,7.1452,-0.0063625,-1
2019/9/4,7.1538,7.160475,2019/8/4,2019/08/04,2019/08,7.1452,-0.015275,-1
2019/9/5,7.1459,7.1596125,2019/8/5,2019/08/05,2019/08,7.1452,-0.0144125,-1
2019/9/6,7.1243,7.154275,2019/8/6,2019/08/06,2019/08,7.1452,-0.009075,-1
2019/9/9,7.1286,7.1499125,2019/8/9,2019/08/09,2019/08,7.1452,-0.0047125,-1
2019/9/10,7.1042,7.1440125,2019/8/10,2019/08/10,2019/08,7.1452,0.0011875,1
2019/9/11,7.1179,7.1406,2019/8/11,2019/08/11,2019/08,7.1452,0.0046,1
2019/9/12,7.0882,7.130175,2019/8/12,2019/08/12,2019/08,7.1452,0.015025,1
2019/9/16,7.064,7.1158625,2019/8/16,2019/08/16,2019/08,7.1452,0.0293375,1
2019/9/17,7.0929,7.10825,2019/8/17,2019/08/17,2019/08,7.1452,0.03695,1
2019/9/18,7.0879,7.101,2019/8/18,2019/08/18,2019/08,7.1452,0.0442,1
2019/9/19,7.0987,7.0978,2019/8/19,2019/08/19,2019/08,7.1452,0.0474,1
2019/9/20,7.0901,7.0929875,2019/8/20,2019/08/20,2019/08,7.1452,0.0522125,1
2019/9/23,7.126,7.0957125,2019/8/23,2019/08/23,2019/08,7.1452,0.0494875,1
2019/9/24,7.1075,7.0944125,2019/8/24,2019/08/24,2019/08,7.1452,0.0507875,1
2019/9/25,7.1238,7.0988625,2019/8/25,2019/08/25,2019/08,7.1452,0.0463375,1
2019/9/26,7.1315,7.1073,2019/8/26,2019/08/26,2019/08,7.1452,0.0379,1
2019/9/27,7.1195,7.110625,2019/8/27,2019/08/27,2019/08,7.1452,0.034575,1
2019/9/30,7.1381,7.1169,2019/8/30,2019/08/30,2019/08,7.1452,0.0283,1
2019/10/8,7.1295,7.12075,2019/9/8,2019/09/08,2019/09,7.1381,0.01735,1
2019/10/9,7.1327,7.126075,2019/9/9,2019/09/09,2019/09,7.1381,0.012025,1
2019/10/10,7.1246,7.1259,2019/9/10,2019/09/10,2019/09,7.1381,0.0122,1
2019/10/11,7.1,7.1249625,2019/9/11,2019/09/11,2019/09,7.1381,0.0131375,1
2019/10/14,7.0669,7.11785,2019/9/14,2019/09/14,2019/09,7.1381,0.02025,1
2019/10/15,7.0778,7.1111375,2019/9/15,2019/09/15,2019/09,7.1381,0.0269625,1
2019/10/16,7.103,7.109075,2019/9/16,2019/09/16,2019/09,7.1381,0.029025,1
2019/10/17,7.0841,7.102325,2019/9/17,2019/09/17,2019/09,7.1381,0.035775,1
2019/10/18,7.0825,7.09645,2019/9/18,2019/09/18,2019/09,7.1381,0.04165,1
2019/10/21,7.0678,7.0883375,2019/9/21,2019/09/21,2019/09,7.1381,0.0497625,1
2019/10/22,7.0817,7.082975,2019/9/22,2019/09/22,2019/09,7.1381,0.055125,1
2019/10/23,7.0745,7.0797875,2019/9/23,2019/09/23,2019/09,7.1381,0.0583125,1
2019/10/24,7.0702,7.0802,2019/9/24,2019/09/24,2019/09,7.1381,0.0579,1
2019/10/25,7.0716,7.079425,2019/9/25,2019/09/25,2019/09,7.1381,0.058675,1
2019/10/28,7.0615,7.0742375,2019/9/28,2019/09/28,2019/09,7.1381,0.0638625,1
2019/10/29,7.0637,7.0716875,2019/9/29,2019/09/29,2019/09,7.1381,0.0664125,1
2019/10/30,7.0584,7.068675,2019/9/30,2019/09/30,2019/09,7.1381,0.069425,1
2019/10/31,7.035,7.064575,2019/10/1,2019/10/01,2019/10,7.035,-0.029575,-1
2019/11/1,7.0376,7.0590625,2019/10/1,2019/10/01,2019/10,7.035,-0.0240625,-1
2019/11/4,7.0302,7.053525,2019/10/4,2019/10/04,2019/10,7.035,-0.018525,-1
2019/11/5,6.9975,7.0444375,2019/10/5,2019/10/05,2019/10,7.035,-0.0094375,-1
2019/11/6,6.9987,7.035325,2019/10/6,2019/10/06,2019/10,7.035,-0.000325,-1
2019/11/7,6.988,7.0261375,2019/10/7,2019/10/07,2019/10,7.035,0.0088625,1
2019/11/8,6.9884,7.016725,2019/10/8,2019/10/08,2019/10,7.035,0.018275,1
2019/11/11,7.0065,7.0102375,2019/10/11,2019/10/11,2019/10,7.035,0.0247625,1
2019/11/12,7.0028,7.0062125,2019/10/12,2019/10/12,2019/10,7.035,0.0287875,1
2019/11/13,7.016,7.0035125,2019/10/13,2019/10/13,2019/10,7.035,0.0314875,1
2019/11/14,7.0204,7.0022875,2019/10/14,2019/10/14,2019/10,7.035,0.0327125,1
2019/11/15,7.0121,7.0041125,2019/10/15,2019/10/15,2019/10,7.035,0.0308875,1
2019/11/18,7.0122,7.0058,2019/10/18,2019/10/18,2019/10,7.035,0.0292,1
2019/11/19,7.0238,7.010275,2019/10/19,2019/10/19,2019/10,7.035,0.024725,1
2019/11/20,7.0369,7.0163375,2019/10/20,2019/10/20,2019/10,7.035,0.0186625,1
2019/11/21,7.0374,7.0202,2019/10/21,2019/10/21,2019/10,7.035,0.0148,1
2019/11/22,7.0356,7.0243,2019/10/22,2019/10/22,2019/10,7.035,0.0107,1
2019/11/25,7.032,7.0263,2019/10/25,2019/10/25,2019/10,7.035,0.0087,1
2019/11/26,7.0363,7.0282875,2019/10/26,2019/10/26,2019/10,7.035,0.0067125,1
2019/11/27,7.026,7.030025,2019/10/27,2019/10/27,2019/10,7.035,0.004975,1
2019/11/28,7.0328,7.0326,2019/10/28,2019/10/28,2019/10,7.035,0.0024,1
2019/11/29,7.0261,7.0328875,2019/10/29,2019/10/29,2019/10,7.035,0.0021125,1
2019/12/2,7.0449,7.0338875,2019/11/2,2019/11/02,2019/11,7.0261,-0.0077875,-1
2019/12/3,7.0471,7.0351,2019/11/3,2019/11/03,2019/11,7.0261,-0.009,-1
2019/12/4,7.0699,7.0393875,2019/11/4,2019/11/04,2019/11,7.0261,-0.0132875,-1
2019/12/5,7.0425,7.0407,2019/11/5,2019/11/05,2019/11,7.0261,-0.0146,-1
2019/12/6,7.034,7.0404125,2019/11/6,2019/11/06,2019/11,7.0261,-0.0143125,-1
2019/12/9,7.0403,7.0422,2019/11/9,2019/11/09,2019/11,7.0261,-0.0161,-1
2019/12/10,7.0385,7.0429125,2019/11/10,2019/11/10,2019/11,7.0261,-0.0168125,-1
2019/12/11,7.0386,7.044475,2019/11/11,2019/11/11,2019/11,7.0261,-0.018375,-1
2019/12/12,7.0333,7.043025,2019/11/12,2019/11/12,2019/11,7.0261,-0.016925,-1
2019/12/13,6.9839,7.035125,2019/11/13,2019/11/13,2019/11,7.0261,-0.009025,-1
2019/12/16,7.0027,7.026725,2019/11/16,2019/11/16,2019/11,7.0261,-0.000625,-1
2019/12/17,7.0024,7.0217125,2019/11/17,2019/11/17,2019/11,7.0261,0.0043875,1
2019/12/18,6.9996,7.0174125,2019/11/18,2019/11/18,2019/11,7.0261,0.0086875,1
2019/12/19,7.0079,7.0133625,2019/11/19,2019/11/19,2019/11,7.0261,0.0127375,1
2019/12/20,7.0115,7.0099875,2019/11/20,2019/11/20,2019/11,7.0261,0.0161125,1
2019/12/23,7.0127,7.00675,2019/11/23,2019/11/23,2019/11,7.0261,0.01935,1
2019/12/24,7.0075,7.003525,2019/11/24,2019/11/24,2019/11,7.0261,0.022575,1
2019/12/25,6.9823,7.003325,2019/11/25,2019/11/25,2019/11,7.0261,0.022775,1
2019/12/26,6.9984,7.0027875,2019/11/26,2019/11/26,2019/11,7.0261,0.0233125,1
2019/12/27,6.9992,7.0023875,2019/11/27,2019/11/27,2019/11,7.0261,0.0237125,1
2019/12/30,6.9878,7.0009125,2019/11/30,2019/11/30,2019/11,7.0261,0.0251875,1
2019/12/31,6.9662,6.9957,2019/12/1,2019/12/01,2019/12,6.9662,-0.0295,-1
2020/1/2,6.9631,6.98965,2019/12/2,2019/12/02,2019/12,6.9662,-0.02345,-1
2020/1/3,6.9716,6.9845125,2019/12/3,2019/12/03,2019/12,6.9662,-0.0183125,-1
2020/1/6,6.9745,6.9803875,2019/12/6,2019/12/06,2019/12,6.9662,-0.0141875,-1
2020/1/7,6.9376,6.9748,2019/12/7,2019/12/07,2019/12,6.9662,-0.0086,-1
2020/1/8,6.942,6.96775,2019/12/8,2019/12/08,2019/12,6.9662,-0.00155,-1
2020/1/9,6.9311,6.9592375,2019/12/9,2019/12/09,2019/12,6.9662,0.0069625,1
2020/1/10,6.929,6.9518875,2019/12/10,2019/12/10,2019/12,6.9662,0.0143125,1
2020/1/13,6.8942,6.9428875,2019/12/13,2019/12/13,2019/12,6.9662,0.0233125,1
2020/1/14,6.8854,6.933175,2019/12/14,2019/12/14,2019/12,6.9662,0.033025,1
2020/1/15,6.8871,6.9226125,2019/12/15,2019/12/15,2019/12,6.9662,0.0435875,1
2020/1/16,6.885,6.911425,2019/12/16,2019/12/16,2019/12,6.9662,0.054775,1
2020/1/17,6.8585,6.9015375,2019/12/17,2019/12/17,2019/12,6.9662,0.0646625,1
2020/1/20,6.8613,6.89145,2019/12/20,2019/12/20,2019/12,6.9662,0.07475,1
2020/1/21,6.9065,6.888375,2019/12/21,2019/12/21,2019/12,6.9662,0.077825,1
2020/1/22,6.9012,6.8849,2019/12/22,2019/12/22,2019/12,6.9662,0.0813,1
2020/1/23,6.93,6.889375,2019/12/23,2019/12/23,2019/12,6.9662,0.076825,1
2020/2/3,7.0257,6.9069125,2020/1/3,2020/01/03,2020/01,6.93,0.0230875,1
2020/2/4,6.99,6.919775,2020/1/4,2020/01/04,2020/01,6.93,0.010225,1
2020/2/5,6.9997,6.9341125,2020/1/5,2020/01/05,2020/01,6.93,-0.0041125,-1
2020/2/6,6.9696,6.948,2020/1/6,2020/01/06,2020/01,6.93,-0.018,-1
2020/2/7,6.986,6.9635875,2020/1/7,2020/01/07,2020/01,6.93,-0.0335875,-1
2020/2/10,6.9853,6.9734375,2020/1/10,2020/01/10,2020/01,6.93,-0.0434375,-1
2020/2/11,6.9775,6.982975,2020/1/11,2020/01/11,2020/01,6.93,-0.052975,-1
2020/2/12,6.973,6.98835,2020/1/12,2020/01/12,2020/01,6.93,-0.05835,-1
2020/2/13,6.9805,6.9827,2020/1/13,2020/01/13,2020/01,6.93,-0.0527,-1
2020/2/14,6.9795,6.9813875,2020/1/14,2020/01/14,2020/01,6.93,-0.0513875,-1
2020/2/17,6.9807,6.9790125,2020/1/17,2020/01/17,2020/01,6.93,-0.0490125,-1
2020/2/18,7.0052,6.9834625,2020/1/18,2020/01/18,2020/01,6.93,-0.0534625,-1
2020/2/19,6.9941,6.984475,2020/1/19,2020/01/19,2020/01,6.93,-0.054475,-1
2020/2/20,7.0153,6.988225,2020/1/20,2020/01/20,2020/01,6.93,-0.058225,-1
2020/2/21,7.0386,6.9958625,2020/1/21,2020/01/21,2020/01,6.93,-0.0658625,-1
2020/2/24,7.0315,7.003175,2020/1/24,2020/01/24,2020/01,6.93,-0.073175,-1
2020/2/25,7.0162,7.0076375,2020/1/25,2020/01/25,2020/01,6.93,-0.0776375,-1
2020/2/26,7.017,7.012325,2020/1/26,2020/01/26,2020/01,6.93,-0.082325,-1
2020/2/27,7.0161,7.01675,2020/1/27,2020/01/27,2020/01,6.93,-0.08675,-1
2020/2/28,6.9896,7.0148,2020/1/28,2020/01/28,2020/01,6.93,-0.0848,-1
2020/3/2,6.9578,7.0102625,2020/2/2,2020/02/02,2020/02,6.9896,-0.0206625,-1
2020/3/3,6.9808,7.00595,2020/2/3,2020/02/03,2020/02,6.9896,-0.01635,-1
2020/3/4,6.9331,6.9927625,2020/2/4,2020/02/04,2020/02,6.9896,-0.0031625,-1
2020/3/5,6.9425,6.9816375,2020/2/5,2020/02/05,2020/02,6.9896,0.0079625,1
2020/3/6,6.94,6.9721125,2020/2/6,2020/02/06,2020/02,6.9896,0.0174875,1
2020/3/9,6.9499,6.963725,2020/2/9,2020/02/09,2020/02,6.9896,0.025875,1
2020/3/10,6.9469,6.955075,2020/2/10,2020/02/10,2020/02,6.9896,0.034525,1
2020/3/11,6.9499,6.9501125,2020/2/11,2020/02/11,2020/02,6.9896,0.0394875,1
2020/3/12,6.984,6.9533875,2020/2/12,2020/02/12,2020/02,6.9896,0.0362125,1
2020/3/13,6.9926,6.9548625,2020/2/13,2020/02/13,2020/02,6.9896,0.0347375,1
2020/3/16,6.9974,6.9629,2020/2/16,2020/02/16,2020/02,6.9896,0.0267,1
2020/3/17,7.0096,6.9712875,2020/2/17,2020/02/17,2020/02,6.9896,0.0183125,1
2020/3/18,7.026,6.9820375,2020/2/18,2020/02/18,2020/02,6.9896,0.0075625,1
2020/3/19,7.091,6.999675,2020/2/19,2020/02/19,2020/02,6.9896,-0.010075,-1
2020/3/20,7.0661,7.014575,2020/2/20,2020/02/20,2020/02,6.9896,-0.024975,-1
2020/3/23,7.1187,7.035675,2020/2/23,2020/02/23,2020/02,6.9896,-0.046075,-1
2020/3/24,7.0769,7.0472875,2020/2/24,2020/02/24,2020/02,6.9896,-0.0576875,-1
2020/3/25,7.1009,7.060825,2020/2/25,2020/02/25,2020/02,6.9896,-0.071225,-1
2020/3/26,7.096,7.07315,2020/2/26,2020/02/26,2020/02,6.9896,-0.08355,-1
2020/3/27,7.0928,7.08355,2020/2/27,2020/02/27,2020/02,6.9896,-0.09395,-1
2020/3/30,7.097,7.092425,2020/3/1,2020/03/01,2020/03,7.0931,0.000675,1
2020/3/31,7.0931,7.0926875,2020/3/2,2020/03/02,2020/03,7.0931,0.0004125,1
2020/4/1,7.1058,7.09765,2020/3/1,2020/03/01,2020/03,7.0931,-0.00455,-1
2020/4/2,7.0977,7.095025,2020/3/2,2020/03/02,2020/03,7.0931,-0.001925,-1
2020/4/3,7.0903,7.0967,2020/3/3,2020/03/03,2020/03,7.0931,-0.0036,-1
2020/4/7,7.055,7.0909625,2020/3/7,2020/03/07,2020/03,7.0931,0.0021375,1
2020/4/8,7.0682,7.0874875,2020/3/8,2020/03/08,2020/03,7.0931,0.0056125,1
2020/4/9,7.059,7.0832625,2020/3/9,2020/03/09,2020/03,7.0931,0.0098375,1
2020/4/10,7.0359,7.075625,2020/3/10,2020/03/10,2020/03,7.0931,0.017475,1
2020/4/13,7.0489,7.0701,2020/3/13,2020/03/13,2020/03,7.0931,0.023,1
2020/4/14,7.0605,7.0644375,2020/3/14,2020/03/14,2020/03,7.0931,0.0286625,1
2020/4/15,7.0617,7.0599375,2020/3/15,2020/03/15,2020/03,7.0931,0.0331625,1
2020/4/16,7.0745,7.0579625,2020/3/16,2020/03/16,2020/03,7.0931,0.0351375,1
2020/4/17,7.0764,7.0606375,2020/3/17,2020/03/17,2020/03,7.0931,0.0324625,1
2020/4/20,7.0755,7.06155,2020/3/20,2020/03/20,2020/03,7.0931,0.03155,1
2020/4/21,7.0876,7.065125,2020/3/21,2020/03/21,2020/03,7.0931,0.027975,1
2020/4/22,7.0842,7.0711625,2020/3/22,2020/03/22,2020/03,7.0931,0.0219375,1
2020/4/23,7.0791,7.0749375,2020/3/23,2020/03/23,2020/03,7.0931,0.0181625,1
2020/4/24,7.0829,7.0777375,2020/3/24,2020/03/24,2020/03,7.0931,0.0153625,1
2020/4/27,7.0836,7.080475,2020/3/27,2020/03/27,2020/03,7.0931,0.012625,1
2020/4/28,7.0855,7.08185,2020/3/28,2020/03/28,2020/03,7.0931,0.01125,1
2020/4/29,7.0748,7.08165,2020/3/29,2020/03/29,2020/03,7.0931,0.01145,1
2020/4/30,7.0519,7.0787,2020/3/30,2020/03/30,2020/03,7.0931,0.0144,1
2020/5/6,7.0959,7.0797375,2020/4/6,2020/04/06,2020/04,7.0519,-0.0278375,-1
2020/5/7,7.0913,7.080625,2020/4/7,2020/04/07,2020/04,7.0519,-0.028725,-1
2020/5/8,7.0792,7.0806375,2020/4/8,2020/04/08,2020/04,7.0519,-0.0287375,-1
2020/5/11,7.0864,7.081075,2020/4/11,2020/04/11,2020/04,7.0519,-0.029175,-1
2020/5/12,7.0886,7.0817,2020/4/12,2020/04/12,2020/04,7.0519,-0.0298,-1
2020/5/13,7.0937,7.082725,2020/4/13,2020/04/13,2020/04,7.0519,-0.030825,-1
2020/5/14,7.0948,7.085225,2020/4/14,2020/04/14,2020/04,7.0519,-0.033325,-1
2020/5/15,7.0995,7.091175,2020/4/15,2020/04/15,2020/04,7.0519,-0.039275,-1
2020/5/18,7.1133,7.09335,2020/4/18,2020/04/18,2020/04,7.0519,-0.04145,-1
2020/5/19,7.1069,7.0953,2020/4/19,2020/04/19,2020/04,7.0519,-0.0434,-1
2020/5/20,7.1067,7.0987375,2020/4/20,2020/04/20,2020/04,7.0519,-0.0468375,-1
2020/5/21,7.0998,7.1004125,2020/4/21,2020/04/21,2020/04,7.0519,-0.0485125,-1
2020/5/22,7.1416,7.1070375,2020/4/22,2020/04/22,2020/04,7.0519,-0.0551375,-1
2020/5/25,7.1388,7.112675,2020/4/25,2020/04/25,2020/04,7.0519,-0.060775,-1
2020/5/26,7.1354,7.11775,2020/4/26,2020/04/26,2020/04,7.0519,-0.06585,-1
2020/5/27,7.1547,7.12465,2020/4/27,2020/04/27,2020/04,7.0519,-0.07275,-1
2020/5/28,7.16,7.1304875,2020/4/28,2020/04/28,2020/04,7.0519,-0.0785875,-1
2020/5/29,7.1455,7.1353125,2020/4/29,2020/04/29,2020/04,7.0519,-0.0834125,-1
2020/6/1,7.134,7.138725,2020/5/1,2020/05/01,2020/05,7.1455,0.006775,1
2020/6/2,7.1105,7.1400625,2020/5/2,2020/05/02,2020/05,7.1455,0.0054375,1
2020/6/3,7.1099,7.1361,2020/5/3,2020/05/03,2020/05,7.1455,0.0094,1
2020/6/4,7.1223,7.1340375,2020/5/4,2020/05/04,2020/05,7.1455,0.0114625,1
2020/6/5,7.0866,7.1279375,2020/5/5,2020/05/05,2020/05,7.1455,0.0175625,1
2020/6/8,7.0745,7.1179125,2020/5/8,2020/05/08,2020/05,7.1455,0.0275875,1
2020/6/9,7.0882,7.1089375,2020/5/9,2020/05/09,2020/05,7.1455,0.0365625,1
2020/6/10,7.067,7.099125,2020/5/10,2020/05/10,2020/05,7.1455,0.046375,1
2020/6/11,7.0698,7.0911,2020/5/11,2020/05/11,2020/05,7.1455,0.0544,1
2020/6/12,7.0745,7.0866,2020/5/12,2020/05/12,2020/05,7.1455,0.0589,1
2020/6/15,7.0946,7.0846875,2020/5/15,2020/05/15,2020/05,7.1455,0.0608125,1
2020/6/16,7.0818,7.079625,2020/5/16,2020/05/16,2020/05,7.1455,0.065875,1
2020/6/17,7.0859,7.0795375,2020/5/17,2020/05/17,2020/05,7.1455,0.0659625,1
2020/6/18,7.0812,7.080375,2020/5/18,2020/05/18,2020/05,7.1455,0.065125,1
2020/6/19,7.078,7.0791,2020/5/19,2020/05/19,2020/05,7.1455,0.0664,1
2020/6/22,7.077,7.08035,2020/5/22,2020/05/22,2020/05,7.1455,0.06515,1
2020/6/23,7.065,7.07975,2020/5/23,2020/05/23,2020/05,7.1455,0.06575,1
2020/6/24,7.0744,7.0797375,2020/5/24,2020/05/24,2020/05,7.1455,0.0657625,1
2020/6/29,7.0776,7.0776125,2020/5/29,2020/05/29,2020/05,7.1455,0.0678875,1
2020/6/30,7.0741,7.07665,2020/5/30,2020/05/30,2020/05,7.1455,0.06885,1
2020/7/1,7.0611,7.07355,2020/6/1,2020/06/01,2020/06,7.0741,0.00055,1
2020/7/2,7.0663,7.0716875,2020/6/2,2020/06/02,2020/06,7.0741,0.0024125,1
2020/7/3,7.068,7.0704375,2020/6/3,2020/06/03,2020/06,7.0741,0.0036625,1
2020/7/6,7.033,7.0649375,2020/6/6,2020/06/06,2020/06,7.0741,0.0091625,1
2020/7/7,7.0241,7.059825,2020/6/7,2020/06/07,2020/06,7.0741,0.014275,1
2020/7/8,7.0176,7.052725,2020/6/8,2020/06/08,2020/06,7.0741,0.021375,1
2020/7/9,6.9862,7.0413,2020/6/9,2020/06/09,2020/06,7.0741,0.0328,1
2020/7/10,7.0071,7.032925,2020/6/10,2020/06/10,2020/06,7.0741,0.041175,1
2020/7/13,7.0031,7.025675,2020/6/13,2020/06/13,2020/06,7.0741,0.048425,1
2020/7/14,7.0188,7.0197375,2020/6/14,2020/06/14,2020/06,7.0741,0.0543625,1
2020/7/15,6.9886,7.0098125,2020/6/15,2020/06/15,2020/06,7.0741,0.0642875,1
2020/7/16,6.9982,7.0054625,2020/6/16,2020/06/16,2020/06,7.0741,0.0686375,1
2020/7/17,7.0002,7.002475,2020/6/17,2020/06/17,2020/06,7.0741,0.071625,1
2020/7/20,6.9912,6.999175,2020/6/20,2020/06/20,2020/06,7.0741,0.074925,1
2020/7/21,6.9936,7.0001,2020/6/21,2020/06/21,2020/06,7.0741,0.074,1
2020/7/22,7.0059,6.99995,2020/6/22,2020/06/22,2020/06,7.0741,0.07415,1
2020/7/23,6.9961,6.999075,2020/6/23,2020/06/23,2020/06,7.0741,0.075025,1
2020/7/24,7.0162,6.99875,2020/6/24,2020/06/24,2020/06,7.0741,0.07535,1
2020/7/27,7.001,7.0003,2020/6/27,2020/06/27,2020/06,7.0741,0.0738,1
2020/7/28,7.0072,7.001425,2020/6/28,2020/06/28,2020/06,7.0741,0.072675,1
2020/7/29,6.9997,7.0013625,2020/6/29,2020/06/29,2020/06,7.0741,0.0727375,1
2020/7/30,7.0064,7.0032625,2020/6/30,2020/06/30,2020/06,7.0741,0.0708375,1
2020/7/31,6.9794,7.0014875,2020/7/1,2020/07/01,2020/07,6.9794,-0.0220875,-1
2020/8/3,6.9773,6.9979125,2020/7/3,2020/07/03,2020/07,6.9794,-0.0185125,-1
2020/8/4,6.982,6.99615,2020/7/4,2020/07/04,2020/07,6.9794,-0.01675,-1
2020/8/5,6.953,6.98825,2020/7/5,2020/07/05,2020/07,6.9794,-0.00885,-1
2020/8/6,6.9441,6.9811375,2020/7/6,2020/07/06,2020/07,6.9794,-0.0017375,-1
2020/8/7,6.9598,6.9752125,2020/7/7,2020/07/07,2020/07,6.9794,0.0041875,1
2020/8/10,6.9701,6.9715125,2020/7/10,2020/07/10,2020/07,6.9794,0.0078875,1
2020/8/11,6.9519,6.9647,2020/7/11,2020/07/11,2020/07,6.9794,0.0147,1
2020/8/12,6.9458,6.9605,2020/7/12,2020/07/12,2020/07,6.9794,0.0189,1
2020/8/13,6.9445,6.9564,2020/7/13,2020/07/13,2020/07,6.9794,0.023,1
2020/8/14,6.9498,6.952375,2020/7/14,2020/07/14,2020/07,6.9794,0.027025,1
2020/8/17,6.9417,6.9509625,2020/7/17,2020/07/17,2020/07,6.9794,0.0284375,1
2020/8/18,6.9257,6.9486625,2020/7/18,2020/07/18,2020/07,6.9794,0.0307375,1
2020/8/19,6.9103,6.942475,2020/7/19,2020/07/19,2020/07,6.9794,0.036925,1
2020/8/20,6.9216,6.9364125,2020/7/20,2020/07/20,2020/07,6.9794,0.0429875,1
2020/8/21,6.9136,6.931625,2020/7/21,2020/07/21,2020/07,6.9794,0.047775,1
2020/8/24,6.9126,6.927475,2020/7/24,2020/07/24,2020/07,6.9794,0.051925,1
2020/8/25,6.9117,6.923375,2020/7/25,2020/07/25,2020/07,6.9794,0.056025,1
2020/8/26,6.8919,6.9161375,2020/7/26,2020/07/26,2020/07,6.9794,0.0632625,1
2020/8/27,6.8946,6.91025,2020/7/27,2020/07/27,2020/07,6.9794,0.06915,1
2020/8/28,6.8651,6.902675,2020/7/28,2020/07/28,2020/07,6.9794,0.076725,1
2020/8/31,6.8535,6.895575,2020/7/31,2020/07/31,2020/07,6.9794,0.083825,1
2020/9/1,6.8239,6.8833625,2020/8/1,2020/08/01,2020/08,6.8535,-0.0298625,-1
2020/9/2,6.8261,6.872425,2020/8/2,2020/08/02,2020/08,6.8535,-0.018925,-1
2020/9/3,6.8355,6.8627875,2020/8/3,2020/08/03,2020/08,6.8535,-0.0092875,-1
2020/9/4,6.8393,6.8537375,2020/8/4,2020/08/04,2020/08,6.8535,-0.0002375,-1
2020/9/7,6.8302,6.846025,2020/8/7,2020/08/07,2020/08,6.8535,0.007475,1
2020/9/8,6.8316,6.83815,2020/8/8,2020/08/08,2020/08,6.8535,0.01535,1
2020/9/9,6.846,6.8357625,2020/8/9,2020/08/09,2020/08,6.8535,0.0177375,1
2020/9/10,6.8398,6.83405,2020/8/10,2020/08/10,2020/08,6.8535,0.01945,1
2020/9/11,6.8369,6.835675,2020/8/11,2020/08/11,2020/08,6.8535,0.017825,1
2020/9/14,6.8235,6.83535,2020/8/14,2020/08/14,2020/08,6.8535,0.01815,1
2020/9/15,6.7775,6.8281,2020/8/15,2020/08/15,2020/08,6.8535,0.0254,1
2020/9/16,6.7613,6.81835,2020/8/16,2020/08/16,2020/08,6.8535,0.03515,1
2020/9/17,6.7659,6.8103125,2020/8/17,2020/08/17,2020/08,6.8535,0.0431875,1
2020/9/18,6.7588,6.8012125,2020/8/18,2020/08/18,2020/08,6.8535,0.0522875,1
2020/9/21,6.7733,6.792125,2020/8/21,2020/08/21,2020/08,6.8535,0.061375,1
2020/9/22,6.7875,6.7855875,2020/8/22,2020/08/22,2020/08,6.8535,0.0679125,1
2020/9/23,6.792,6.779975,2020/8/23,2020/08/23,2020/08,6.8535,0.073525,1
2020/9/24,6.824,6.7800375,2020/8/24,2020/08/24,2020/08,6.8535,0.0734625,1
2020/9/25,6.8202,6.785375,2020/8/25,2020/08/25,2020/08,6.8535,0.068125,1
2020/9/28,6.8209,6.792825,2020/8/28,2020/08/28,2020/08,6.8535,0.060675,1
2020/9/29,6.8229,6.79995,2020/8/29,2020/08/29,2020/08,6.8535,0.05355,1
2020/9/30,6.8106,6.806425,2020/8/30,2020/08/30,2020/08,6.8535,0.047075,1
2020/10/9,6.7135,6.79895,2020/9/9,2020/09/09,2020/09,6.8106,0.01165,1
2020/10/12,6.7358,6.7924875,2020/9/12,2020/09/12,2020/09,6.8106,0.0181125,1
2020/10/13,6.7385,6.7858,2020/9/13,2020/09/13,2020/09,6.8106,0.0248,1
2020/10/14,6.737,6.774925,2020/9/14,2020/09/14,2020/09,6.8106,0.035675,1
2020/10/15,6.73,6.76365,2020/9/15,2020/09/15,2020/09,6.8106,0.04695,1
2020/10/16,6.6982,6.7483125,2020/9/16,2020/09/16,2020/09,6.8106,0.0622875,1
2020/10/19,6.6935,6.7321375,2020/9/19,2020/09/19,2020/09,6.8106,0.0784625,1
2020/10/20,6.6818,6.7160375,2020/9/20,2020/09/20,2020/09,6.8106,0.0945625,1
2020/10/21,6.6575,6.7090375,2020/9/21,2020/09/21,2020/09,6.8106,0.1015625,1
2020/10/22,6.6689,6.700675,2020/9/22,2020/09/22,2020/09,6.8106,0.109925,1
2020/10/23,6.669,6.6919875,2020/9/23,2020/09/23,2020/09,6.8106,0.1186125,1
2020/10/26,6.6985,6.687175,2020/9/26,2020/09/26,2020/09,6.8106,0.123425,1
2020/10/27,6.7157,6.6853875,2020/9/27,2020/09/27,2020/09,6.8106,0.1252125,1
2020/10/28,6.7138,6.6873375,2020/9/28,2020/09/28,2020/09,6.8106,0.1232625,1
2020/10/29,6.7104,6.68945,2020/9/29,2020/09/29,2020/09,6.8106,0.12115,1
2020/10/30,6.7002,6.69175,2020/9/30,2020/09/30,2020/09,6.8106,0.11885,1
2020/11/2,6.7001,6.697075,2020/10/2,2020/10/02,2020/10,6.7002,0.003125,1
2020/11/3,6.6884,6.6995125,2020/10/3,2020/10/03,2020/10,6.7002,0.0006875,1
2020/11/4,6.7138,6.7051125,2020/10/4,2020/10/04,2020/10,6.7002,-0.0049125,-1
2020/11/5,6.64,6.6978,2020/10/5,2020/10/05,2020/10,6.7002,0.0024,1
2020/11/6,6.6215,6.686025,2020/10/6,2020/10/06,2020/10,6.7002,0.014175,1
2020/11/9,6.5728,6.6684,2020/10/9,2020/10/09,2020/10,6.7002,0.0318,1
2020/11/10,6.6041,6.6551125,2020/10/10,2020/10/10,2020/10,6.7002,0.0450875,1
2020/11/11,6.62,6.6450875,2020/10/11,2020/10/11,2020/10,6.7002,0.0551125,1
2020/11/12,6.6297,6.6362875,2020/10/12,2020/10/12,2020/10,6.7002,0.0639125,1
2020/11/13,6.6144,6.6270375,2020/10/13,2020/10/13,2020/10,6.7002,0.0731625,1
2020/11/16,6.577,6.6099375,2020/10/16,2020/10/16,2020/10,6.7002,0.0902625,1
2020/11/17,6.558,6.5996875,2020/10/17,2020/10/17,2020/10,6.7002,0.1005125,1
2020/11/18,6.5425,6.5898125,2020/10/18,2020/10/18,2020/10,6.7002,0.1103875,1
2020/11/19,6.5851,6.59135,2020/10/19,2020/10/19,2020/10,6.7002,0.10885,1
2020/11/20,6.5714,6.5872625,2020/10/20,2020/10/20,2020/10,6.7002,0.1129375,1
2020/11/23,6.5694,6.5809375,2020/10/23,2020/10/23,2020/10,6.7002,0.1192625,1
2020/11/24,6.5761,6.5742375,2020/10/24,2020/10/24,2020/10,6.7002,0.1259625,1
2020/11/25,6.5796,6.5698875,2020/10/25,2020/10/25,2020/10,6.7002,0.1303125,1
2020/11/26,6.5729,6.569375,2020/10/26,2020/10/26,2020/10,6.7002,0.130825,1
2020/11/27,6.5823,6.5724125,2020/10/27,2020/10/27,2020/10,6.7002,0.1277875,1
2020/11/30,6.5827,6.5774375,2020/10/30,2020/10/30,2020/10,6.7002,0.1227625,1
2020/12/1,6.5707,6.5756375,2020/11/1,2020/11/01,2020/11,6.5827,0.0070625,1
2020/12/2,6.5684,6.5752625,2020/11/2,2020/11/02,2020/11,6.5827,0.0074375,1
2020/12/3,6.559,6.5739625,2020/11/3,2020/11/03,2020/11,6.5827,0.0087375,1
2020/12/4,6.5302,6.568225,2020/11/4,2020/11/04,2020/11,6.5827,0.014475,1
2020/12/7,6.5382,6.56305,2020/11/7,2020/11/07,2020/11,6.5827,0.01965,1
2020/12/8,6.532,6.5579375,2020/11/8,2020/11/08,2020/11,6.5827,0.0247625,1
2020/12/9,6.5374,6.552325,2020/11/9,2020/11/09,2020/11,6.5827,0.030375,1
2020/12/10,6.548,6.5479875,2020/11/10,2020/11/10,2020/11,6.5827,0.0347125,1
2020/12/11,6.5411,6.5442875,2020/11/11,2020/11/11,2020/11,6.5827,0.0384125,1
2020/12/14,6.5367,6.540325,2020/11/14,2020/11/14,2020/11,6.5827,0.042375,1
2020/12/15,6.5446,6.538525,2020/11/15,2020/11/15,2020/11,6.5827,0.044175,1
2020/12/16,6.5378,6.539475,2020/11/16,2020/11/16,2020/11,6.5827,0.043225,1
2020/12/17,6.5335,6.5388875,2020/11/17,2020/11/17,2020/11,6.5827,0.0438125,1
2020/12/18,6.5415,6.540075,2020/11/18,2020/11/18,2020/11,6.5827,0.042625,1
2020/12/21,6.5494,6.541575,2020/11/21,2020/11/21,2020/11,6.5827,0.041125,1
2020/12/22,6.548,6.541575,2020/11/22,2020/11/22,2020/11,6.5827,0.041125,1
2020/12/23,6.5378,6.5411625,2020/11/23,2020/11/23,2020/11,6.5827,0.0415375,1
2020/12/24,6.532,6.540575,2020/11/24,2020/11/24,2020/11,6.5827,0.042125,1
2020/12/25,6.5241,6.5380125,2020/11/25,2020/11/25,2020/11,6.5827,0.0446875,1
2020/12/28,6.5375,6.537975,2020/11/28,2020/11/28,2020/11,6.5827,0.044725,1
2020/12/29,6.5305,6.5376,2020/11/29,2020/11/29,2020/11,6.5827,0.0451,1
2020/12/30,6.5307,6.53625,2020/11/30,2020/11/30,2020/11,6.5827,0.04645,1
2020/12/31,6.5398,6.53505,2020/12/1,2020/12/01,2020/12,6.5398,0.00475,1
2021/1/4,6.4628,6.5244,2020/12/4,2020/12/04,2020/12,6.5398,0.0154,1
2021/1/5,6.464,6.515175,2020/12/5,2020/12/05,2020/12,6.5398,0.024625,1
2021/1/6,6.4615,6.5063625,2020/12/6,2020/12/06,2020/12,6.5398,0.0334375,1
2021/1/7,6.4567,6.4979375,2020/12/7,2020/12/07,2020/12,6.5398,0.0418625,1
2021/1/8,6.4719,6.4897375,2020/12/8,2020/12/08,2020/12,6.5398,0.0500625,1
2021/1/11,6.4748,6.482775,2020/12/11,2020/12/11,2020/12,6.5398,0.057025,1
2021/1/12,6.467,6.4748125,2020/12/12,2020/12/12,2020/12,6.5398,0.0649875,1
2021/1/13,6.4659,6.465575,2020/12/13,2020/12/13,2020/12,6.5398,0.074225,1
2021/1/14,6.4678,6.4662,2020/12/14,2020/12/14,2020/12,6.5398,0.0736,1
2021/1/15,6.4752,6.4676,2020/12/15,2020/12/15,2020/12,6.5398,0.0722,1
2021/1/18,6.493,6.4715375,2020/12/18,2020/12/18,2020/12,6.5398,0.0682625,1
2021/1/19,6.4872,6.47535,2020/12/19,2020/12/19,2020/12,6.5398,0.06445,1
2021/1/20,6.4676,6.4748125,2020/12/20,2020/12/20,2020/12,6.5398,0.0649875,1
2021/1/21,6.4643,6.4735,2020/12/21,2020/12/21,2020/12,6.5398,0.0663,1
2021/1/22,6.4777,6.4748375,2020/12/22,2020/12/22,2020/12,6.5398,0.0649625,1
2021/1/25,6.4763,6.4761375,2020/12/25,2020/12/25,2020/12,6.5398,0.0636625,1
2021/1/26,6.4756,6.4771125,2020/12/26,2020/12/26,2020/12,6.5398,0.0626875,1
2021/1/27,6.4671,6.4761,2020/12/27,2020/12/27,2020/12,6.5398,0.0637,1
2021/1/28,6.4758,6.47395,2020/12/28,2020/12/28,2020/12,6.5398,0.06585,1
2021/1/29,6.4612,6.4707,2020/12/29,2020/12/29,2020/12,6.5398,0.0691,1
2021/2/1,6.4641,6.4702625,2021/1/1,2021/01/01,2021/01,6.4612,-0.0090625,-1
2021/2/2,6.4597,6.4696875,2021/1/2,2021/01/02,2021/01,6.4612,-0.0084875,-1
2021/2/3,6.4587,6.4673125,2021/1/3,2021/01/03,2021/01,6.4612,-0.0061125,-1
2021/2/4,6.4629,6.4656375,2021/1/4,2021/01/04,2021/01,6.4612,-0.0044375,-1
2021/2/5,6.481,6.4663125,2021/1/5,2021/01/05,2021/01,6.4612,-0.0051125,-1
2021/2/8,6.4583,6.4652125,2021/1/8,2021/01/08,2021/01,6.4612,-0.0040125,-1
2021/2/9,6.4487,6.461825,2021/1/9,2021/01/09,2021/01,6.4612,-0.000625,-1
2021/2/10,6.438,6.458925,2021/1/10,2021/01/10,2021/01,6.4612,0.002275,1
2021/2/18,6.4706,6.4597375,2021/1/18,2021/01/18,2021/01,6.4612,0.0014625,1
2021/2/19,6.4575,6.4594625,2021/1/19,2021/01/19,2021/01,6.4612,0.0017375,1
2021/2/22,6.4675,6.4605625,2021/1/22,2021/01/22,2021/01,6.4612,0.0006375,1
2021/2/23,6.4606,6.460275,2021/1/23,2021/01/23,2021/01,6.4612,0.000925,1
2021/2/24,6.453,6.456775,2021/1/24,2021/01/24,2021/01,6.4612,0.004425,1
2021/2/25,6.45,6.4557375,2021/1/25,2021/01/25,2021/01,6.4612,0.0054625,1
2021/2/26,6.459,6.457025,2021/1/26,2021/01/26,2021/01,6.4612,0.004175,1
2021/3/1,6.4615,6.4599625,2021/2/1,2021/02/01,2021/02,6.459,-0.0009625,-1
2021/3/2,6.4699,6.459875,2021/2/2,2021/02/02,2021/02,6.459,-0.000875,-1
2021/3/3,6.462,6.4604375,2021/2/3,2021/02/03,2021/02,6.459,-0.0014375,-1
2021/3/4,6.469,6.460625,2021/2/4,2021/02/04,2021/02,6.459,-0.001625,-1
2021/3/5,6.4768,6.46265,2021/2/5,2021/02/05,2021/02,6.459,-0.00365,-1
2021/3/8,6.5233,6.4714375,2021/2/8,2021/02/08,2021/02,6.459,-0.0124375,-1
2021/3/9,6.518,6.4799375,2021/2/9,2021/02/09,2021/02,6.459,-0.0209375,-1
2021/3/10,6.5116,6.4865125,2021/2/10,2021/02/10,2021/02,6.459,-0.0275125,-1
2021/3/11,6.4911,6.4902125,2021/2/11,2021/02/11,2021/02,6.459,-0.0312125,-1
2021/3/12,6.5036,6.494425,2021/2/12,2021/02/12,2021/02,6.459,-0.035425,-1
2021/3/15,6.5031,6.4995625,2021/2/15,2021/02/15,2021/02,6.459,-0.0405625,-1
2021/3/16,6.4995,6.503375,2021/2/16,2021/02/16,2021/02,6.459,-0.044375,-1
2021/3/17,6.503,6.50665,2021/2/17,2021/02/17,2021/02,6.459,-0.04765,-1
2021/3/18,6.5017,6.50395,2021/2/18,2021/02/18,2021/02,6.459,-0.04495,-1
2021/3/19,6.5045,6.5022625,2021/2/19,2021/02/19,2021/02,6.459,-0.0432625,-1
2021/3/22,6.51,6.5020625,2021/2/22,2021/02/22,2021/02,6.459,-0.0430625,-1
2021/3/23,6.5108,6.504525,2021/2/23,2021/02/23,2021/02,6.459,-0.045525,-1
2021/3/24,6.5236,6.507025,2021/2/24,2021/02/24,2021/02,6.459,-0.048025,-1
2021/3/25,6.534,6.5108875,2021/2/25,2021/02/25,2021/02,6.459,-0.0518875,-1
2021/3/26,6.5407,6.5160375,2021/2/26,2021/02/26,2021/02,6.459,-0.0570375,-1
2021/3/29,6.5626,6.5234875,2021/3/1,2021/03/01,2021/03,6.5566,0.0331125,1
2021/3/30,6.5677,6.5317375,2021/3/2,2021/03/02,2021/03,6.5566,0.0248625,1
2021/3/31,6.5566,6.53825,2021/3/3,2021/03/03,2021/03,6.5566,0.01835,1
2021/4/1,6.5739,6.5462375,2021/3/1,2021/03/01,2021/03,6.5566,0.0103625,1
2021/4/2,6.5612,6.5525375,2021/3/2,2021/03/02,2021/03,6.5566,0.0040625,1
2021/4/6,6.5501,6.55585,2021/3/6,2021/03/06,2021/03,6.5566,0.00075,1
2021/4/7,6.546,6.55735,2021/3/7,2021/03/07,2021/03,6.5566,-0.00075,-1
2021/4/8,6.549,6.5583875,2021/3/8,2021/03/08,2021/03,6.5566,-0.0017875,-1
2021/4/9,6.5589,6.557925,2021/3/9,2021/03/09,2021/03,6.5566,-0.001325,-1
2021/4/12,6.5514,6.5558875,2021/3/12,2021/03/12,2021/03,6.5566,0.0007125,1
2021/4/13,6.5487,6.5549,2021/3/13,2021/03/13,2021/03,6.5566,0.0017,1
2021/4/14,6.5334,6.5498375,2021/3/14,2021/03/14,2021/03,6.5566,0.0067625,1
2021/4/15,6.5322,6.5462125,2021/3/15,2021/03/15,2021/03,6.5566,0.0103875,1
2021/4/16,6.5228,6.5428,2021/3/16,2021/03/16,2021/03,6.5566,0.0138,1
2021/4/19,6.5115,6.5384875,2021/3/19,2021/03/19,2021/03,6.5566,0.0181125,1
2021/4/20,6.4953,6.531775,2021/3/20,2021/03/20,2021/03,6.5566,0.024825,1
2021/4/21,6.4951,6.5238,2021/3/21,2021/03/21,2021/03,6.5566,0.0328,1
2021/4/22,6.4888,6.515975,2021/3/22,2021/03/22,2021/03,6.5566,0.040625,1
2021/4/23,6.4936,6.5090875,2021/3/23,2021/03/23,2021/03,6.5566,0.0475125,1
2021/4/26,6.4878,6.5033875,2021/3/26,2021/03/26,2021/03,6.5566,0.0532125,1
2021/4/27,6.486,6.4976125,2021/3/27,2021/03/27,2021/03,6.5566,0.0589875,1
2021/4/28,6.4847,6.49285,2021/3/28,2021/03/28,2021/03,6.5566,0.06375,1
2021/4/29,6.4652,6.4870625,2021/3/29,2021/03/29,2021/03,6.5566,0.0695375,1
2021/4/30,6.4716,6.4841,2021/3/30,2021/03/30,2021/03,6.5566,0.0725,1
2021/5/6,6.4739,6.48145,2021/4/6,2021/04/06,2021/04,6.4716,-0.00985,-1
2021/5/7,6.4589,6.4777125,2021/4/7,2021/04/07,2021/04,6.4716,-0.0061125,-1
2021/5/10,6.4173,6.468175,2021/4/10,2021/04/10,2021/04,6.4716,0.003425,1
2021/5/11,6.427,6.460575,2021/4/11,2021/04/11,2021/04,6.4716,0.011025,1
2021/5/12,6.4425,6.4551375,2021/4/12,2021/04/12,2021/04,6.4716,0.0164625,1
2021/5/13,6.4549,6.4514125,2021/4/13,2021/04/13,2021/04,6.4716,0.0201875,1
2021/5/14,6.4347,6.4476,2021/4/14,2021/04/14,2021/04,6.4716,0.024,1
2021/5/17,6.4416,6.44385,2021/4/17,2021/04/17,2021/04,6.4716,0.02775,1
2021/5/18,6.4245,6.437675,2021/4/18,2021/04/18,2021/04,6.4716,0.033925,1
2021/5/19,6.4382,6.4350875,2021/4/19,2021/04/19,2021/04,6.4716,0.0365125,1
2021/5/20,6.4353,6.4373375,2021/4/20,2021/04/20,2021/04,6.4716,0.0342625,1
2021/5/21,6.4337,6.438175,2021/4/21,2021/04/21,2021/04,6.4716,0.033425,1
2021/5/24,6.4293,6.436525,2021/4/24,2021/04/24,2021/04,6.4716,0.035075,1
2021/5/25,6.4078,6.4306375,2021/4/25,2021/04/25,2021/04,6.4716,0.0409625,1
2021/5/26,6.393,6.425425,2021/4/26,2021/04/26,2021/04,6.4716,0.046175,1
2021/5/27,6.3758,6.4172,2021/4/27,2021/04/27,2021/04,6.4716,0.0544,1
2021/5/28,6.3654,6.4098125,2021/4/28,2021/04/28,2021/04,6.4716,0.0617875,1
2021/5/31,6.3607,6.400125,2021/5/1,2021/05/01,2021/05,6.3607,-0.039425,-1
2021/6/1,6.3759,6.3927,2021/5/1,2021/05/01,2021/05,6.3607,-0.032,-1
2021/6/2,6.3872,6.3868875,2021/5/2,2021/05/02,2021/05,6.3607,-0.0261875,-1
2021/6/3,6.3932,6.382375,2021/5/3,2021/05/03,2021/05,6.3607,-0.021675,-1
2021/6/4,6.4092,6.38255,2021/5/4,2021/05/04,2021/05,6.3607,-0.02185,-1
2021/6/7,6.3961,6.3829375,2021/5/7,2021/05/07,2021/05,6.3607,-0.0222375,-1
2021/6/8,6.3972,6.3856125,2021/5/8,2021/05/08,2021/05,6.3607,-0.0249125,-1
2021/6/9,6.3899,6.388675,2021/5/9,2021/05/09,2021/05,6.3607,-0.027975,-1
2021/6/10,6.3903,6.392375,2021/5/10,2021/05/10,2021/05,6.3607,-0.031675,-1
2021/6/11,6.3914,6.3943125,2021/5/11,2021/05/11,2021/05,6.3607,-0.0336125,-1
2021/6/15,6.4021,6.396175,2021/5/15,2021/05/15,2021/05,6.3607,-0.035475,-1
2021/6/16,6.3974,6.3967,2021/5/16,2021/05/16,2021/05,6.3607,-0.036,-1
2021/6/17,6.4277,6.3990125,2021/5/17,2021/05/17,2021/05,6.3607,-0.0383125,-1
2021/6/18,6.4408,6.4046,2021/5/18,2021/05/18,2021/05,6.3607,-0.0439,-1
2021/6/21,6.4705,6.4137625,2021/5/21,2021/05/21,2021/05,6.3607,-0.0530625,-1
2021/6/22,6.4733,6.4241875,2021/5/22,2021/05/22,2021/05,6.3607,-0.0634875,-1
2021/6/23,6.4808,6.4355,2021/5/23,2021/05/23,2021/05,6.3607,-0.0748,-1
2021/6/24,6.4732,6.445725,2021/5/24,2021/05/24,2021/05,6.3607,-0.085025,-1
2021/6/25,6.4553,6.452375,2021/5/25,2021/05/25,2021/05,6.3607,-0.091675,-1
2021/6/28,6.4565,6.4597625,2021/5/28,2021/05/28,2021/05,6.3607,-0.0990625,-1
2021/6/29,6.4575,6.4634875,2021/5/29,2021/05/29,2021/05,6.3607,-0.1027875,-1
2021/6/30,6.4612,6.4660375,2021/5/30,2021/05/30,2021/05,6.3607,-0.1053375,-1
2021/7/1,6.464,6.465225,2021/6/1,2021/06/01,2021/06,6.4612,-0.004025,-1
2021/7/2,6.4825,6.466375,2021/6/2,2021/06/02,2021/06,6.4612,-0.005175,-1
2021/7/5,6.4608,6.463875,2021/6/5,2021/06/05,2021/06,6.4612,-0.002675,-1
2021/7/6,6.4627,6.4625625,2021/6/6,2021/06/06,2021/06,6.4612,-0.0013625,-1
2021/7/7,6.4639,6.4636375,2021/6/7,2021/06/07,2021/06,6.4612,-0.0024375,-1
2021/7/8,6.4811,6.4667125,2021/6/8,2021/06/08,2021/06,6.4612,-0.0055125,-1
2021/7/9,6.4847,6.4701125,2021/6/9,2021/06/09,2021/06,6.4612,-0.0089125,-1
2021/7/12,6.4727,6.47155,2021/6/12,2021/06/12,2021/06,6.4612,-0.01035,-1
2021/7/13,6.4651,6.4716875,2021/6/13,2021/06/13,2021/06,6.4612,-0.0104875,-1
2021/7/14,6.4728,6.470475,2021/6/14,2021/06/14,2021/06,6.4612,-0.009275,-1
2021/7/15,6.4612,6.470525,2021/6/15,2021/06/15,2021/06,6.4612,-0.009325,-1
2021/7/16,6.4678,6.4711625,2021/6/16,2021/06/16,2021/06,6.4612,-0.0099625,-1
2021/7/19,6.4835,6.4736125,2021/6/19,2021/06/19,2021/06,6.4612,-0.0124125,-1
2021/7/20,6.48,6.473475,2021/6/20,2021/06/20,2021/06,6.4612,-0.012275,-1
2021/7/21,6.4743,6.472175,2021/6/21,2021/06/21,2021/06,6.4612,-0.010975,-1
2021/7/22,6.4661,6.47135,2021/6/22,2021/06/22,2021/06,6.4612,-0.01015,-1
2021/7/23,6.4759,6.4727,2021/6/23,2021/06/23,2021/06,6.4612,-0.0115,-1
2021/7/26,6.4827,6.4739375,2021/6/26,2021/06/26,2021/06,6.4612,-0.0127375,-1
2021/7/27,6.504,6.4792875,2021/6/27,2021/06/27,2021/06,6.4612,-0.0180875,-1
2021/7/28,6.5035,6.48375,2021/6/28,2021/06/28,2021/06,6.4612,-0.02255,-1
2021/7/29,6.4628,6.4811625,2021/6/29,2021/06/29,2021/06,6.4612,-0.0199625,-1
2021/7/30,6.456,6.4781625,2021/6/30,2021/06/30,2021/06,6.4612,-0.0169625,-1
2021/8/2,6.4609,6.4764875,2021/7/2,2021/07/02,2021/07,6.456,-0.0204875,-1
2021/8/3,6.4649,6.4763375,2021/7/3,2021/07/03,2021/07,6.456,-0.0203375,-1
2021/8/4,6.4619,6.4745875,2021/7/4,2021/07/04,2021/07,6.456,-0.0185875,-1
2021/8/5,6.4611,6.4718875,2021/7/5,2021/07/05,2021/07,6.456,-0.0158875,-1
2021/8/6,6.4688,6.4674875,2021/7/6,2021/07/06,2021/07,6.456,-0.0114875,-1
2021/8/9,6.478,6.4643,2021/7/9,2021/07/09,2021/07,6.456,-0.0083,-1
2021/8/10,6.4807,6.4665375,2021/7/10,2021/07/10,2021/07,6.456,-0.0105375,-1
2021/8/11,6.487,6.4704125,2021/7/11,2021/07/11,2021/07,6.456,-0.0144125,-1
2021/8/12,6.4771,6.4724375,2021/7/12,2021/07/12,2021/07,6.456,-0.0164375,-1
2021/8/13,6.483,6.4747,2021/7/13,2021/07/13,2021/07,6.456,-0.0187,-1
2021/8/16,6.4756,6.4764125,2021/7/16,2021/07/16,2021/07,6.456,-0.0204125,-1
2021/8/17,6.4799,6.4787625,2021/7/17,2021/07/17,2021/07,6.456,-0.0227625,-1
2021/8/18,6.4801,6.480175,2021/7/18,2021/07/18,2021/07,6.456,-0.024175,-1
2021/8/19,6.4929,6.4820375,2021/7/19,2021/07/19,2021/07,6.456,-0.0260375,-1
2021/8/20,6.5,6.48445,2021/7/20,2021/07/20,2021/07,6.456,-0.02845,-1
2021/8/23,6.4902,6.48485,2021/7/23,2021/07/23,2021/07,6.456,-0.02885,-1
2021/8/24,6.4778,6.4849375,2021/7/24,2021/07/24,2021/07,6.456,-0.0289375,-1
2021/8/25,6.4742,6.4838375,2021/7/25,2021/07/25,2021/07,6.456,-0.0278375,-1
2021/8/26,6.4837,6.48485,2021/7/26,2021/07/26,2021/07,6.456,-0.02885,-1
2021/8/27,6.4797,6.484825,2021/7/27,2021/07/27,2021/07,6.456,-0.028825,-1
2021/8/30,6.466,6.4830625,2021/7/30,2021/07/30,2021/07,6.456,-0.0270625,-1
2021/8/31,6.4645,6.4795125,2021/7/31,2021/07/31,2021/07,6.456,-0.0235125,-1
2021/9/1,6.4652,6.4751625,2021/8/1,2021/08/01,2021/08,6.4645,-0.0106625,-1
2021/9/2,6.4617,6.4716,2021/8/2,2021/08/02,2021/08,6.4645,-0.0071,-1
2021/9/3,6.4565,6.4689375,2021/8/3,2021/08/03,2021/08,6.4645,-0.0044375,-1
2021/9/6,6.4538,6.4663875,2021/8/6,2021/08/06,2021/08,6.4645,-0.0018875,-1
2021/9/7,6.4604,6.463475,2021/8/7,2021/08/07,2021/08,6.4645,0.001025,1
2021/9/8,6.4622,6.4612875,2021/8/8,2021/08/08,2021/08,6.4645,0.0032125,1
2021/9/9,6.4572,6.4601875,2021/8/9,2021/08/09,2021/08,6.4645,0.0043125,1
2021/9/10,6.4408,6.457225,2021/8/10,2021/08/10,2021/08,6.4645,0.007275,1
2021/9/13,6.455,6.45595,2021/8/13,2021/08/13,2021/08,6.4645,0.00855,1
2021/9/14,6.4433,6.45365,2021/8/14,2021/08/14,2021/08,6.4645,0.01085,1
2021/9/15,6.4351,6.450975,2021/8/15,2021/08/15,2021/08,6.4645,0.013525,1
2021/9/16,6.4447,6.4498375,2021/8/16,2021/08/16,2021/08,6.4645,0.0146625,1
2021/9/17,6.4521,6.4488,2021/8/17,2021/08/17,2021/08,6.4645,0.0157,1
2021/9/22,6.4683,6.4495625,2021/8/22,2021/08/22,2021/08,6.4645,0.0149375,1
2021/9/23,6.4594,6.4498375,2021/8/23,2021/08/23,2021/08,6.4645,0.0146625,1
2021/9/24,6.4645,6.4528,2021/8/24,2021/08/24,2021/08,6.4645,0.0117,1
2021/9/27,6.4614,6.4536,2021/8/27,2021/08/27,2021/08,6.4645,0.0109,1
2021/9/28,6.4592,6.4555875,2021/8/28,2021/08/28,2021/08,6.4645,0.0089125,1
2021/9/29,6.468,6.4597,2021/8/29,2021/08/29,2021/08,6.4645,0.0048,1
2021/9/30,6.4626,6.4619375,2021/8/30,2021/08/30,2021/08,6.4645,0.0025625,1
2021/10/8,6.4491,6.4615625,2021/9/8,2021/09/08,2021/09,6.4626,0.0010375,1
2021/10/11,6.4377,6.4577375,2021/9/11,2021/09/11,2021/09,6.4626,0.0048625,1
2021/10/12,6.4565,6.457375,2021/9/12,2021/09/12,2021/09,6.4626,0.005225,1
2021/10/13,6.4452,6.4549625,2021/9/13,2021/09/13,2021/09,6.4626,0.0076375,1
2021/10/14,6.4339,6.451525,2021/9/14,2021/09/14,2021/09,6.4626,0.011075,1
2021/10/15,6.4291,6.4477625,2021/9/15,2021/09/15,2021/09,6.4626,0.0148375,1
2021/10/18,6.4345,6.443575,2021/9/18,2021/09/18,2021/09,6.4626,0.019025,1
2021/10/19,6.3998,6.435725,2021/9/19,2021/09/19,2021/09,6.4626,0.026875,1
2021/10/20,6.3936,6.4287875,2021/9/20,2021/09/20,2021/09,6.4626,0.0338125,1
2021/10/21,6.3988,6.423925,2021/9/21,2021/09/21,2021/09,6.4626,0.038675,1
2021/10/22,6.3903,6.41565,2021/9/22,2021/09/22,2021/09,6.4626,0.04695,1
2021/10/25,6.381,6.407625,2021/9/25,2021/09/25,2021/09,6.4626,0.054975,1
2021/10/26,6.3812,6.4010375,2021/9/26,2021/09/26,2021/09,6.4626,0.0615625,1
2021/10/27,6.3934,6.396575,2021/9/27,2021/09/27,2021/09,6.4626,0.066025,1
2021/10/28,6.4006,6.3923375,2021/9/28,2021/09/28,2021/09,6.4626,0.0702625,1
2021/10/29,6.4009,6.392475,2021/9/29,2021/09/29,2021/09,6.4626,0.070125,1
2021/11/1,6.4032,6.393675,2021/10/1,2021/10/01,2021/10,6.4009,0.007225,1
2021/11/2,6.3985,6.3936375,2021/10/2,2021/10/02,2021/10,6.4009,0.0072625,1
2021/11/3,6.397,6.394475,2021/10/3,2021/10/03,2021/10,6.4009,0.006425,1
2021/11/4,6.3956,6.3963,2021/10/4,2021/10/04,2021/10,6.4009,0.0046,1
2021/11/5,6.4013,6.3988125,2021/10/5,2021/10/05,2021/10,6.4009,0.0020875,1
2021/11/8,6.3981,6.3994,2021/10/8,2021/10/08,2021/10,6.4009,0.0015,1
2021/11/9,6.395,6.3987,2021/10/9,2021/10/09,2021/10,6.4009,0.0022,1
2021/11/10,6.3915,6.397525,2021/10/10,2021/10/10,2021/10,6.4009,0.003375,1
2021/11/11,6.4048,6.397725,2021/10/11,2021/10/11,2021/10,6.4009,0.003175,1
2021/11/12,6.3902,6.3966875,2021/10/12,2021/10/12,2021/10,6.4009,0.0042125,1
2021/11/15,6.3803,6.3946,2021/10/15,2021/10/15,2021/10,6.4009,0.0063,1
2021/11/16,6.377,6.392275,2021/10/16,2021/10/16,2021/10,6.4009,0.008625,1
2021/11/17,6.3817,6.389825,2021/10/17,2021/10/17,2021/10,6.4009,0.011075,1
2021/11/18,6.3809,6.387675,2021/10/18,2021/10/18,2021/10,6.4009,0.013225,1
2021/11/19,6.3811,6.3859375,2021/10/19,2021/10/19,2021/10,6.4009,0.0149625,1
2021/11/22,6.3759,6.3839875,2021/10/22,2021/10/22,2021/10,6.4009,0.0169125,1
2021/11/23,6.3845,6.38145,2021/10/23,2021/10/23,2021/10,6.4009,0.01945,1
2021/11/24,6.3877,6.3811375,2021/10/24,2021/10/24,2021/10,6.4009,0.0197625,1
2021/11/25,6.3894,6.382275,2021/10/25,2021/10/25,2021/10,6.4009,0.018625,1
2021/11/26,6.3913,6.3840625,2021/10/26,2021/10/26,2021/10,6.4009,0.0168375,1
2021/11/29,6.3821,6.3841125,2021/10/29,2021/10/29,2021/10,6.4009,0.0167875,1
2021/11/30,6.3701,6.3827625,2021/10/30,2021/10/30,2021/10,6.4009,0.0181375,1
2021/12/1,6.3705,6.3814375,2021/11/1,2021/11/01,2021/11,6.3701,-0.0113375,-1
2021/12/2,6.373,6.381075,2021/11/2,2021/11/02,2021/11,6.3701,-0.010975,-1
2021/12/3,6.369,6.3791375,2021/11/3,2021/11/03,2021/11,6.3701,-0.0090375,-1
2021/12/6,6.3715,6.3771125,2021/11/6,2021/11/06,2021/11,6.3701,-0.0070125,-1
2021/12/7,6.3678,6.3744125,2021/11/7,2021/11/07,2021/11,6.3701,-0.0043125,-1
2021/12/8,6.3535,6.3696875,2021/11/8,2021/11/08,2021/11,6.3701,0.0004125,1
2021/12/9,6.3457,6.3651375,2021/11/9,2021/11/09,2021/11,6.3701,0.0049625,1
2021/12/10,6.3704,6.365175,2021/11/10,2021/11/10,2021/11,6.3701,0.004925,1
2021/12/13,6.3631,6.36425,2021/11/13,2021/11/13,2021/11,6.3701,0.00585,1
2021/12/14,6.3634,6.36305,2021/11/14,2021/11/14,2021/11,6.3701,0.00705,1
2021/12/15,6.3652,6.362575,2021/11/15,2021/11/15,2021/11,6.3701,0.007525,1
2021/12/16,6.3679,6.362125,2021/11/16,2021/11/16,2021/11,6.3701,0.007975,1
2021/12/17,6.3742,6.362925,2021/11/17,2021/11/17,2021/11,6.3701,0.007175,1
2021/12/20,6.3781,6.366,2021/11/20,2021/11/20,2021/11,6.3701,0.0041,1
2021/12/21,6.3707,6.369125,2021/11/21,2021/11/21,2021/11,6.3701,0.000975,1
2021/12/22,6.3721,6.3693375,2021/11/22,2021/11/22,2021/11,6.3701,0.0007625,1
2021/12/23,6.3702,6.370225,2021/11/23,2021/11/23,2021/11,6.3701,-0.000125,-1
2021/12/24,6.37,6.37105,2021/11/24,2021/11/24,2021/11,6.3701,-0.00095,-1
2021/12/27,6.3725,6.3719625,2021/11/27,2021/11/27,2021/11,6.3701,-0.0018625,-1
2021/12/28,6.3713,6.3723875,2021/11/28,2021/11/28,2021/11,6.3701,-0.0022875,-1
2021/12/29,6.3714,6.3720375,2021/11/29,2021/11/29,2021/11,6.3701,-0.0019375,-1
2021/12/30,6.3793,6.3721875,2021/11/30,2021/11/30,2021/11,6.3701,-0.0020875,-1
2021/12/31,6.373,6.372475,2021/12/1,2021/12/01,2021/12,6.373,0.000525,1
2022/1/4,6.3745,6.372775,2021/12/4,2021/12/04,2021/12,6.373,0.000225,1
2022/1/5,6.3677,6.3724625,2021/12/5,2021/12/05,2021/12,6.373,0.0005375,1
2022/1/6,6.3761,6.373225,2021/12/6,2021/12/06,2021/12,6.373,-0.000225,-1
2022/1/7,6.3739,6.3734,2021/12/7,2021/12/07,2021/12,6.373,-0.0004,-1
2022/1/10,6.3718,6.3734625,2021/12/10,2021/12/10,2021/12,6.373,-0.0004625,-1
2022/1/11,6.3718,6.3735125,2021/12/11,2021/12/11,2021/12,6.373,-0.0005125,-1
2022/1/12,6.3646,6.371675,2021/12/12,2021/12/12,2021/12,6.373,0.001325,1
2022/1/13,6.3598,6.370025,2021/12/13,2021/12/13,2021/12,6.373,0.002975,1
2022/1/14,6.3435,6.36615,2021/12/14,2021/12/14,2021/12,6.373,0.00685,1
2022/1/17,6.3466,6.3635125,2021/12/17,2021/12/17,2021/12,6.373,0.0094875,1
2022/1/18,6.3513,6.3604125,2021/12/18,2021/12/18,2021/12,6.373,0.0125875,1
2022/1/19,6.3522,6.3577,2021/12/19,2021/12/19,2021/12,6.373,0.0153,1
2022/1/20,6.3421,6.3539875,2021/12/20,2021/12/20,2021/12,6.373,0.0190125,1
2022/1/21,6.3397,6.349975,2021/12/21,2021/12/21,2021/12,6.373,0.023025,1
2022/1/24,6.332,6.3459,2021/12/24,2021/12/24,2021/12,6.373,0.0271,1
2022/1/25,6.3252,6.341575,2021/12/25,2021/12/25,2021/12,6.373,0.031425,1
2022/1/26,6.3219,6.338875,2021/12/26,2021/12/26,2021/12,6.373,0.034125,1
2022/1/27,6.3645,6.3411125,2021/12/27,2021/12/27,2021/12,6.373,0.0318875,1
2022/1/28,6.3636,6.34265,2021/12/28,2021/12/28,2021/12,6.373,0.03035,1
2022/2/7,6.3578,6.34335,2022/1/7,2022/01/07,2022/01,6.3636,0.02025,1
2022/2/8,6.3688,6.3466875,2022/1/8,2022/01/08,2022/01,6.3636,0.0169125,1
2022/2/9,6.3609,6.3493375,2022/1/9,2022/01/09,2022/01,6.3636,0.0142625,1
2022/2/10,6.359,6.3527125,2022/1/10,2022/01/10,2022/01,6.3636,0.0108875,1
2022/2/11,6.3592,6.3569625,2022/1/11,2022/01/11,2022/01,6.3636,0.0066375,1
2022/2/14,6.3598,6.3617,2022/1/14,2022/01/14,2022/01,6.3636,0.0019,1
2022/2/15,6.3475,6.359575,2022/1/15,2022/01/15,2022/01,6.3636,0.004025,1
2022/2/16,6.3353,6.3560375,2022/1/16,2022/01/16,2022/01,6.3636,0.0075625,1
2022/2/17,6.3366,6.3533875,2022/1/17,2022/01/17,2022/01,6.3636,0.0102125,1
2022/2/18,6.3265,6.3481,2022/1/18,2022/01/18,2022/01,6.3636,0.0155,1
2022/2/21,6.3333,6.34465,2022/1/21,2022/01/21,2022/01,6.3636,0.01895,1
2022/2/22,6.3356,6.341725,2022/1/22,2022/01/22,2022/01,6.3636,0.021875,1
2022/2/23,6.3178,6.33655,2022/1/23,2022/01/23,2022/01,6.3636,0.02705,1
2022/2/24,6.3234,6.332,2022/1/24,2022/01/24,2022/01,6.3636,0.0316,1
2022/2/25,6.3142,6.3278375,2022/1/25,2022/01/25,2022/01,6.3636,0.0357625,1
2022/2/28,6.3111,6.3248125,2022/1/28,2022/01/28,2022/01,6.3636,0.0387875,1
2022/3/1,6.3127,6.321825,2022/2/1,2022/02/01,2022/02,6.3111,-0.010725,-1
2022/3/2,6.3107,6.31985,2022/2/2,2022/02/02,2022/02,6.3111,-0.00875,-1
2022/3/3,6.3184,6.3179875,2022/2/3,2022/02/03,2022/02,6.3111,-0.0068875,-1
2022/3/4,6.3189,6.3159,2022/2/4,2022/02/04,2022/02,6.3111,-0.0048,-1
2022/3/7,6.3183,6.3159625,2022/2/7,2022/02/07,2022/02,6.3111,-0.0048625,-1
2022/3/8,6.3141,6.3148,2022/2/8,2022/02/08,2022/02,6.3111,-0.0037,-1
2022/3/9,6.3163,6.3150625,2022/2/9,2022/02/09,2022/02,6.3111,-0.0039625,-1
2022/3/10,6.3216,6.316375,2022/2/10,2022/02/10,2022/02,6.3111,-0.005275,-1
2022/3/11,6.3228,6.3176375,2022/2/11,2022/02/11,2022/02,6.3111,-0.0065375,-1
2022/3/14,6.3598,6.323775,2022/2/14,2022/02/14,2022/02,6.3111,-0.012675,-1
2022/3/15,6.38,6.331475,2022/2/15,2022/02/15,2022/02,6.3111,-0.020375,-1
2022/3/16,6.3465,6.334925,2022/2/16,2022/02/16,2022/02,6.3111,-0.023825,-1
2022/3/17,6.3494,6.3388125,2022/2/17,2022/02/17,2022/02,6.3111,-0.0277125,-1
2022/3/18,6.3641,6.3450625,2022/2/18,2022/02/18,2022/02,6.3111,-0.0339625,-1
2022/3/21,6.3588,6.350375,2022/2/21,2022/02/21,2022/02,6.3111,-0.039275,-1
2022/3/22,6.36,6.355175,2022/2/22,2022/02/22,2022/02,6.3111,-0.044075,-1
2022/3/23,6.3742,6.3616,2022/2/23,2022/02/23,2022/02,6.3111,-0.0505,-1
2022/3/24,6.3697,6.3628375,2022/2/24,2022/02/24,2022/02,6.3111,-0.0517375,-1
2022/3/25,6.3655,6.361025,2022/2/25,2022/02/25,2022/02,6.3111,-0.049925,-1
2022/3/28,6.3702,6.3639875,2022/2/28,2022/02/28,2022/02,6.3111,-0.0528875,-1
2022/3/29,6.3722,6.3668375,2022/3/1,2022/03/01,2022/03,6.3433,-0.0235375,-1
2022/3/30,6.3526,6.3654,2022/3/2,2022/03/02,2022/03,6.3433,-0.0221,-1
2022/3/31,6.3433,6.3634625,2022/3/3,2022/03/03,2022/03,6.3433,-0.0201625,-1
2022/4/1,6.3591,6.36335,2022/3/1,2022/03/01,2022/03,6.3433,-0.02005,-1
2022/4/6,6.3636,6.362025,2022/3/6,2022/03/06,2022/03,6.3433,-0.018725,-1
2022/4/7,6.3634,6.3612375,2022/3/7,2022/03/07,2022/03,6.3433,-0.0179375,-1
2022/4/8,6.3637,6.3610125,2022/3/8,2022/03/08,2022/03,6.3433,-0.0177125,-1
2022/4/11,6.3699,6.360975,2022/3/11,2022/03/11,2022/03,6.3433,-0.017675,-1
2022/4/12,6.3711,6.3608375,2022/3/12,2022/03/12,2022/03,6.3433,-0.0175375,-1
2022/4/13,6.3655,6.36245,2022/3/13,2022/03/13,2022/03,6.3433,-0.01915,-1
2022/4/14,6.3704,6.3658375,2022/3/14,2022/03/14,2022/03,6.3433,-0.0225375,-1
2022/4/15,6.3712,6.36735,2022/3/15,2022/03/15,2022/03,6.3433,-0.02405,-1
2022/4/18,6.3698,6.368125,2022/3/18,2022/03/18,2022/03,6.3433,-0.024825,-1
2022/4/19,6.3778,6.369925,2022/3/19,2022/03/19,2022/03,6.3433,-0.026625,-1
2022/4/20,6.4153,6.376375,2022/3/20,2022/03/20,2022/03,6.3433,-0.033075,-1
2022/4/21,6.45,6.3863875,2022/3/21,2022/03/21,2022/03,6.3433,-0.0430875,-1
2022/4/22,6.4875,6.4009375,2022/3/22,2022/03/22,2022/03,6.3433,-0.0576375,-1
2022/4/25,6.5544,6.42455,2022/3/25,2022/03/25,2022/03,6.3433,-0.08125,-1
2022/4/26,6.5473,6.4466625,2022/3/26,2022/03/26,2022/03,6.3433,-0.1033625,-1
2022/4/27,6.5569,6.469875,2022/3/27,2022/03/27,2022/03,6.3433,-0.126575,-1
2022/4/28,6.6115,6.5000875,2022/3/28,2022/03/28,2022/03,6.3433,-0.1567875,-1
2022/4/29,6.5866,6.5261875,2022/3/29,2022/03/29,2022/03,6.3433,-0.1828875,-1
2022/5/5,6.6224,6.552075,2022/4/5,2022/04/05,2022/04,6.5866,0.034525,1
2022/5/6,6.6845,6.5813875,2022/4/6,2022/04/06,2022/04,6.5866,0.0052125,1
2022/5/9,6.7202,6.610475,2022/4/9,2022/04/09,2022/04,6.5866,-0.023875,-1
2022/5/10,6.7227,6.6315125,2022/4/10,2022/04/10,2022/04,6.5866,-0.0449125,-1
2022/5/11,6.7274,6.654025,2022/4/11,2022/04/11,2022/04,6.5866,-0.067425,-1
2022/5/12,6.79,6.6831625,2022/4/12,2022/04/12,2022/04,6.5866,-0.0965625,-1
2022/5/13,6.783,6.7046,2022/4/13,2022/04/13,2022/04,6.5866,-0.118,-1
2022/5/16,6.7967,6.7308625,2022/4/16,2022/04/16,2022/04,6.5866,-0.1442625,-1
2022/5/17,6.7472,6.7464625,2022/4/17,2022/04/17,2022/04,6.5866,-0.1598625,-1
2022/5/18,6.749,6.754525,2022/4/18,2022/04/18,2022/04,6.5866,-0.167925,-1
2022/5/19,6.7678,6.760475,2022/4/19,2022/04/19,2022/04,6.5866,-0.173875,-1
2022/5/20,6.674,6.7543875,2022/4/20,2022/04/20,2022/04,6.5866,-0.1677875,-1
2022/5/23,6.6634,6.7463875,2022/4/23,2022/04/23,2022/04,6.5866,-0.1597875,-1
2022/5/24,6.6671,6.731025,2022/4/24,2022/04/24,2022/04,6.5866,-0.144425,-1
2022/5/25,6.6737,6.7173625,2022/4/25,2022/04/25,2022/04,6.5866,-0.1307625,-1
2022/5/26,6.7381,6.7100375,2022/4/26,2022/04/26,2022/04,6.5866,-0.1234375,-1
2022/5/27,6.7081,6.70515,2022/4/27,2022/04/27,2022/04,6.5866,-0.11855,-1
2022/5/30,6.6648,6.694625,2022/4/30,2022/04/30,2022/04,6.5866,-0.108025,-1
2022/5/31,6.6578,6.680875,2022/5/1,2022/05/01,2022/05,6.6578,-0.023075,-1
2022/6/1,6.6941,6.6833875,2022/5/1,2022/05/01,2022/05,6.6578,-0.0255875,-1
2022/6/2,6.675,6.6848375,2022/5/2,2022/05/02,2022/05,6.6578,-0.0270375,-1
2022/6/6,6.6457,6.6821625,2022/5/6,2022/05/06,2022/05,6.6578,-0.0243625,-1
2022/6/7,6.6655,6.6811375,2022/5/7,2022/05/07,2022/05,6.6578,-0.0233375,-1
2022/6/8,6.683,6.67425,2022/5/8,2022/05/08,2022/05,6.6578,-0.01645,-1
2022/6/9,6.6837,6.6712,2022/5/9,2022/05/09,2022/05,6.6578,-0.0134,-1
2022/6/10,6.6927,6.6746875,2022/5/10,2022/05/10,2022/05,6.6578,-0.0168875,-1
2022/6/13,6.7341,6.684225,2022/5/13,2022/05/13,2022/05,6.6578,-0.026425,-1
2022/6/14,6.7358,6.6894375,2022/5/14,2022/05/14,2022/05,6.6578,-0.0316375,-1
2022/6/15,6.7195,6.695,2022/5/15,2022/05/15,2022/05,6.6578,-0.0372,-1
2022/6/16,6.7162,6.7038125,2022/5/16,2022/05/16,2022/05,6.6578,-0.0460125,-1
2022/6/17,6.701,6.70825,2022/5/17,2022/05/17,2022/05,6.6578,-0.05045,-1
2022/6/20,6.686,6.708625,2022/5/20,2022/05/20,2022/05,6.6578,-0.050825,-1
2022/6/21,6.6995,6.7106,2022/5/21,2022/05/21,2022/05,6.6578,-0.0528,-1
2022/6/22,6.7171,6.71365,2022/5/22,2022/05/22,2022/05,6.6578,-0.05585,-1
2022/6/23,6.708,6.7103875,2022/5/23,2022/05/23,2022/05,6.6578,-0.0525875,-1
2022/6/24,6.6936,6.7051125,2022/5/24,2022/05/24,2022/05,6.6578,-0.0473125,-1
2022/6/27,6.6878,6.70115,2022/5/27,2022/05/27,2022/05,6.6578,-0.04335,-1
2022/6/28,6.6876,6.697575,2022/5/28,2022/05/28,2022/05,6.6578,-0.039775,-1
2022/6/29,6.6972,6.6971,2022/5/29,2022/05/29,2022/05,6.6578,-0.0393,-1
2022/6/30,6.6943,6.6981375,2022/5/30,2022/05/30,2022/05,6.6578,-0.0403375,-1
